 ,,,,
,,,,
,,,,
Daily Averaged Summary,,,,
CHAMPAIGN WILLARD AP (IL),,,,
WBAN ID: 94870,,,,
Lat/Lon/Elev: 40.0397/-88.2778/754ft.,,,,
 ,,,,
Date,Max Hourly Temp (F),Min Hourly Temp (F),Max Wind Speed (mph),Total Precip (in)
1/1/2010,12,2,15,M
1/2/2010,6,-5,15,0
1/3/2010,10,-6,11,0
1/4/2010,11,-2,20,0
1/5/2010,10,-1,16,M
1/6/2010,18,-3,8,M
1/7/2010,22,10,25,M
1/8/2010,19,6,20,M
1/9/2010,9,-9,16,0
1/10/2010,19,-12,18,0
1/11/2010,23,16,16,M
1/12/2010,26,12,15,M
1/13/2010,33,11,17,0
1/14/2010,37,25,15,0
1/15/2010,35,30,8,M
1/16/2010,33,28,8,M
1/17/2010,32,27,16,M
1/18/2010,34,32,11,M
1/19/2010,32,27,15,M
1/20/2010,32,27,22,M
1/21/2010,34,32,21,M
1/22/2010,36,32,17,M
1/23/2010,45,34,22,M
1/24/2010,47,31,25,M
1/25/2010,31,21,28,M
1/26/2010,20,13,28,M
1/27/2010,30,13,16,M
1/28/2010,21,7,17,0
1/29/2010,18,9,16,0
1/30/2010,23,11,18,0
1/31/2010,27,5,11,0
2/1/2010,34,13,9,0
2/2/2010,34,21,16,M
2/3/2010,28,19,14,M
2/4/2010,35,22,11,M
2/5/2010,33,30,31,M
2/6/2010,31,18,33,M
2/7/2010,26,14,8,0
2/8/2010,27,13,13,M
2/9/2010,23,10,26,M
2/10/2010,25,8,28,M
2/11/2010,21,0,8,M
2/12/2010,26,8,8,M
2/13/2010,26,4,11,M
2/14/2010,29,6,9,M
2/15/2010,24,13,17,M
2/16/2010,29,15,21,M
2/17/2010,29,15,14,0
2/18/2010,29,9,13,M
2/19/2010,33,8,8,0.03
2/20/2010,37,30,13,M
2/21/2010,35,33,16,0.49
2/22/2010,34,30,17,M
2/23/2010,32,21,18,M
2/24/2010,21,15,20,M
2/25/2010,32,18,16,0
2/26/2010,34,17,21,0
2/27/2010,33,21,16,M
2/28/2010,40,28,14,M
3/1/2010,38,30,14,M
3/2/2010,33,30,14,0
3/3/2010,39,25,14,0
3/4/2010,44,21,15,0
3/5/2010,45,21,8,0
3/6/2010,46,23,8,0
3/7/2010,45,27,14,M
3/8/2010,45,29,10,M
3/9/2010,57,32,16,M
3/10/2010,69,45,20,M
3/11/2010,64,43,24,0.36
3/12/2010,48,34,16,M
3/13/2010,48,43,15,M
3/14/2010,45,41,21,M
3/15/2010,46,40,14,0
3/16/2010,61,34,14,M
3/17/2010,63,35,10,M
3/18/2010,63,32,13,0
3/19/2010,63,37,16,0
3/20/2010,50,35,23,0
3/21/2010,46,35,25,0.05
3/22/2010,56,31,22,0.04
3/23/2010,65,26,13,0
3/24/2010,65,39,14,0.01
3/25/2010,50,29,30,M
3/26/2010,46,26,18,0
3/27/2010,55,30,18,0.06
3/28/2010,50,34,21,M
3/29/2010,54,33,15,0
3/30/2010,63,31,16,0
3/31/2010,77,48,28,0
4/1/2010,83,52,28,0
4/2/2010,78,54,31,0
4/3/2010,58,38,24,M
4/4/2010,75,42,28,0
4/5/2010,73,53,16,0
4/6/2010,82,60,29,0
4/7/2010,70,48,26,M
4/8/2010,54,33,24,M
4/9/2010,60,30,13,0
4/10/2010,75,43,21,0
4/11/2010,78,47,14,0
4/12/2010,79,48,18,0
4/13/2010,83,47,10,0
4/14/2010,86,49,14,0
4/15/2010,84,55,25,0
4/16/2010,69,45,22,M
4/17/2010,61,34,22,0
4/18/2010,63,36,14,0
4/19/2010,63,38,11,0
4/20/2010,67,45,10,0
4/21/2010,72,38,13,0.02
4/22/2010,72,42,9,0.04
4/23/2010,60,55,20,M
4/24/2010,67,55,23,M
4/25/2010,61,49,22,M
4/26/2010,65,48,22,0
4/27/2010,62,37,17,0
4/28/2010,65,33,11,M
4/29/2010,78,45,38,0
4/30/2010,77,61,34,M
5/1/2010,73,63,23,M
5/2/2010,70,53,23,M
5/3/2010,76,49,22,M
5/4/2010,79,46,23,0
5/5/2010,80,54,17,0
5/6/2010,73,43,13,0
5/7/2010,78,49,33,M
5/8/2010,51,36,30,0
5/9/2010,61,32,13,0
5/10/2010,63,44,25,0.45
5/11/2010,70,50,26,M
5/12/2010,67,53,21,M
5/13/2010,82,58,28,M
5/14/2010,69,51,16,0
5/15/2010,66,48,11,0
5/16/2010,61,54,15,0.14
5/17/2010,57,50,17,M
5/18/2010,63,50,24,0.01
5/19/2010,72,49,17,M
5/20/2010,63,51,21,M
5/21/2010,70,59,18,M
5/22/2010,80,57,15,M
5/23/2010,91,62,17,0
5/24/2010,93,67,14,0.01
5/25/2010,89,66,11,0
5/26/2010,90,66,13,M
5/27/2010,87,64,21,0
5/28/2010,86,59,16,0
5/29/2010,90,65,11,0
5/30/2010,91,65,13,0
5/31/2010,87,64,17,0.07
6/1/2010,85,64,15,M
6/2/2010,78,64,16,M
6/3/2010,80,65,10,0
6/4/2010,88,61,18,M
6/5/2010,83,71,24,M
6/6/2010,78,58,20,M
6/7/2010,79,57,11,0
6/8/2010,74,64,16,M
6/9/2010,80,64,14,M
6/10/2010,84,59,13,0
6/11/2010,88,72,16,M
6/12/2010,87,69,16,M
6/13/2010,84,69,14,M
6/14/2010,84,68,10,M
6/15/2010,82,70,11,M
6/16/2010,81,66,17,M
6/17/2010,83,64,9,0
6/18/2010,91,66,20,M
6/19/2010,86,67,15,0.39
6/20/2010,90,70,10,M
6/21/2010,88,69,24,0.88
6/22/2010,83,68,17,M
6/23/2010,89,71,26,M
6/24/2010,82,67,14,0
6/25/2010,83,64,7,0
6/26/2010,89,69,11,0
6/27/2010,86,73,20,0.08
6/28/2010,84,66,17,M
6/29/2010,78,61,11,0
6/30/2010,78,57,13,0
7/1/2010,79,57,13,0
7/2/2010,81,55,10,0
7/3/2010,86,55,11,0
7/4/2010,90,70,16,0.04
7/5/2010,89,71,20,0
7/6/2010,91,71,14,0
7/7/2010,94,69,11,0
7/8/2010,88,72,10,M
7/9/2010,86,64,15,0
7/10/2010,87,62,7,0
7/11/2010,82,62,14,0.01
7/12/2010,86,66,7,M
7/13/2010,84,70,13,M
7/14/2010,91,67,11,M
7/15/2010,91,71,24,M
7/16/2010,85,64,8,0.01
7/17/2010,90,67,11,0
7/18/2010,82,71,13,0
7/19/2010,84,64,16,M
7/20/2010,82,68,21,M
7/21/2010,85,71,7,M
7/22/2010,90,70,13,M
7/23/2010,91,77,17,0
7/24/2010,90,73,23,M
7/25/2010,84,65,13,M
7/26/2010,85,66,10,M
7/27/2010,88,69,13,0
7/28/2010,89,73,13,M
7/29/2010,87,70,10,M
7/30/2010,81,65,13,0
7/31/2010,82,68,15,M
8/1/2010,83,63,9,M
8/2/2010,84,63,9,M
8/3/2010,93,70,11,0
8/4/2010,95,76,16,0.13
8/5/2010,86,64,15,M
8/6/2010,80,59,11,0
8/7/2010,84,59,8,0
8/8/2010,90,63,11,0
8/9/2010,92,70,9,0
8/10/2010,93,75,20,M
8/11/2010,90,73,13,M
8/12/2010,91,73,7,0
8/13/2010,94,72,18,0.04
8/14/2010,89,71,20,M
8/15/2010,87,65,15,0
8/16/2010,81,61,17,0
8/17/2010,81,62,10,0
8/18/2010,86,66,14,M
8/19/2010,91,63,8,0
8/20/2010,93,70,15,0.59
8/21/2010,83,70,14,M
8/22/2010,87,66,11,0
8/23/2010,85,60,9,0
8/24/2010,84,65,9,0.01
8/25/2010,79,57,14,0
8/26/2010,80,55,7,0
8/27/2010,85,53,7,0
8/28/2010,90,54,11,0
8/29/2010,95,68,15,0
8/30/2010,87,66,17,0
8/31/2010,91,70,15,0
9/1/2010,81,71,11,M
9/2/2010,84,68,21,M
9/3/2010,73,54,28,M
9/4/2010,71,50,20,0
9/5/2010,80,48,14,0
9/6/2010,89,54,25,0
9/7/2010,81,55,22,M
9/8/2010,78,47,11,0
9/9/2010,78,50,11,0
9/10/2010,71,56,14,M
9/11/2010,78,55,18,M
9/12/2010,84,51,14,0
9/13/2010,89,58,17,0
9/14/2010,85,60,9,0
9/15/2010,88,55,13,0.09
9/16/2010,73,57,20,M
9/17/2010,81,48,8,0
9/18/2010,84,54,15,0.01
9/19/2010,79,60,13,M
9/20/2010,91,64,11,0
9/21/2010,95,66,24,0
9/22/2010,78,64,13,M
9/23/2010,92,66,26,0
9/24/2010,77,52,24,M
9/25/2010,71,48,16,0.18
9/26/2010,61,49,15,M
9/27/2010,67,44,11,0
9/28/2010,75,43,9,M
9/29/2010,78,46,11,M
9/30/2010,78,50,24,0
10/1/2010,74,44,11,0
10/2/2010,59,44,23,M
10/3/2010,61,42,17,M
10/4/2010,63,34,13,0
10/5/2010,69,36,10,0
10/6/2010,77,39,17,0
10/7/2010,79,47,10,0
10/8/2010,81,43,10,0
10/9/2010,87,50,10,0
10/10/2010,87,54,15,0
10/11/2010,85,56,13,M
10/12/2010,79,53,8,0
10/13/2010,65,45,20,M
10/14/2010,68,36,21,0
10/15/2010,65,42,15,0
10/16/2010,72,38,18,0
10/17/2010,73,46,11,0
10/18/2010,62,38,14,0
10/19/2010,65,35,9,0
10/20/2010,71,37,23,0
10/21/2010,61,37,16,0
10/22/2010,70,33,13,0
10/23/2010,81,59,24,0
10/24/2010,77,58,25,M
10/25/2010,75,57,28,M
10/26/2010,72,47,36,M
10/27/2010,68,46,30,0
10/28/2010,45,29,22,M
10/29/2010,53,25,13,0
10/30/2010,66,36,26,0
10/31/2010,55,40,18,0
11/1/2010,56,35,18,0
11/2/2010,51,34,15,0
11/3/2010,57,28,13,0
11/4/2010,53,37,24,0.01
11/5/2010,42,22,22,0
11/6/2010,46,19,13,0
11/7/2010,65,30,21,0
11/8/2010,71,37,15,0
11/9/2010,74,40,15,M
11/10/2010,71,41,16,0
11/11/2010,75,45,9,0
11/12/2010,74,43,14,0
11/13/2010,56,40,22,M
11/14/2010,52,30,18,0
11/15/2010,56,31,14,0
11/16/2010,46,27,13,0
11/17/2010,51,28,17,M
11/18/2010,43,25,11,M
11/19/2010,52,23,24,M
11/20/2010,45,28,14,M
11/21/2010,63,40,24,M
11/22/2010,69,41,32,M
11/23/2010,39,27,18,M
11/24/2010,41,27,24,M
11/25/2010,47,25,21,M
11/26/2010,35,22,21,0
11/27/2010,37,24,16,M
11/28/2010,45,26,17,0
11/29/2010,51,33,20,M
11/30/2010,52,27,28,M
12/1/2010,27,20,22,0
12/2/2010,32,22,13,0
12/3/2010,34,23,10,M
12/4/2010,30,27,18,M
12/5/2010,27,6,21,0
12/6/2010,17,4,21,M
12/7/2010,18,2,14,0
12/8/2010,20,0,9,0
12/9/2010,32,0,20,0
12/10/2010,38,24,14,0
12/11/2010,48,21,26,M
12/12/2010,25,14,37,M
12/13/2010,12,3,32,0
12/14/2010,19,0,10,0
12/15/2010,24,3,18,M
12/16/2010,25,21,14,M
12/17/2010,22,8,17,M
12/18/2010,26,9,10,M
12/19/2010,30,10,8,M
12/20/2010,32,21,20,0.02
12/21/2010,35,32,20,M
12/22/2010,33,19,25,M
12/23/2010,32,17,10,M
12/24/2010,30,25,9,M
12/25/2010,28,24,17,M
12/26/2010,27,16,18,M
12/27/2010,21,8,14,M
12/28/2010,27,12,11,M
12/29/2010,37,14,20,M
12/30/2010,49,37,22,M
12/31/2010,57,46,28,M
1/1/2011,42,18,23,M
1/2/2011,28,13,14,0
1/3/2011,39,21,20,0
1/4/2011,29,14,18,0
1/5/2011,35,13,13,0
1/6/2011,31,22,23,M
1/7/2011,28,17,21,M
1/8/2011,19,6,21,0
1/9/2011,27,3,7,0
1/10/2011,33,20,17,0
1/11/2011,27,22,18,M
1/12/2011,21,11,23,M
1/13/2011,19,0,13,0
1/14/2011,29,8,10,0
1/15/2011,31,16,17,M
1/16/2011,24,5,10,0
1/17/2011,37,22,18,M
1/18/2011,36,28,16,M
1/19/2011,27,23,13,M
1/20/2011,22,4,16,M
1/21/2011,4,-11,15,M
1/22/2011,21,3,14,M
1/23/2011,21,8,17,M
1/24/2011,32,14,14,M
1/25/2011,27,14,7,M
1/26/2011,28,21,13,M
1/27/2011,30,20,18,0
1/28/2011,27,22,15,0
1/29/2011,34,22,15,M
1/30/2011,35,25,18,M
1/31/2011,27,19,24,M
2/1/2011,23,17,36,M
2/2/2011,21,7,31,M
2/3/2011,13,0,10,0
2/4/2011,24,8,15,0
2/5/2011,29,18,17,M
2/6/2011,34,28,21,M
2/7/2011,30,12,18,M
2/8/2011,15,0,20,0
2/9/2011,11,-4,14,0
2/10/2011,19,-12,17,0
2/11/2011,33,13,21,0
2/12/2011,37,19,20,0
2/13/2011,43,31,24,0
2/14/2011,42,28,25,0
2/15/2011,39,27,16,0
2/16/2011,54,36,17,M
2/17/2011,63,47,26,M
2/18/2011,53,30,20,0
2/19/2011,47,28,13,0
2/20/2011,59,34,24,0.26
2/21/2011,56,33,17,M
2/22/2011,33,28,16,M
2/23/2011,40,28,16,M
2/24/2011,39,32,28,M
2/25/2011,35,30,29,M
2/26/2011,37,31,10,M
2/27/2011,55,35,23,M
2/28/2011,39,27,26,0.18
3/1/2011,46,25,18,0
3/2/2011,45,30,16,0
3/3/2011,52,28,18,0
3/4/2011,59,41,24,M
3/5/2011,54,30,24,M
3/6/2011,36,27,14,M
3/7/2011,41,30,14,0
3/8/2011,50,34,20,0.32
3/9/2011,50,36,22,M
3/10/2011,36,32,18,M
3/11/2011,48,27,21,0
3/12/2011,50,32,25,M
3/13/2011,37,29,17,M
3/14/2011,44,32,21,0.1
3/15/2011,41,36,22,M
3/16/2011,61,34,18,0
3/17/2011,73,45,30,0
3/18/2011,58,36,20,0.05
3/19/2011,56,32,16,0
3/20/2011,69,43,21,0.06
3/21/2011,72,54,15,M
3/22/2011,72,47,22,0
3/23/2011,72,36,39,M
3/24/2011,39,31,18,M
3/25/2011,40,29,18,0
3/26/2011,39,26,21,0
3/27/2011,42,25,20,0
3/28/2011,47,25,17,0
3/29/2011,48,30,16,0
3/30/2011,52,32,15,0
3/31/2011,50,28,9,0
4/1/2011,52,34,26,0.03
4/2/2011,61,31,26,0
4/3/2011,82,42,40,0
4/4/2011,71,41,28,M
4/5/2011,54,32,25,0
4/6/2011,73,43,28,0
4/7/2011,61,41,28,M
4/8/2011,59,46,25,M
4/9/2011,77,50,16,M
4/10/2011,84,63,30,0
4/11/2011,63,52,18,M
4/12/2011,62,42,17,0
4/13/2011,66,38,6,0
4/14/2011,72,43,24,M
4/15/2011,63,46,26,M
4/16/2011,50,38,31,M
4/17/2011,60,38,16,0
4/18/2011,59,45,25,M
4/19/2011,73,41,28,M
4/20/2011,45,35,26,M
4/21/2011,57,33,20,0.06
4/22/2011,64,47,20,M
4/23/2011,66,49,22,M
4/24/2011,62,51,11,0.01
4/25/2011,65,54,20,M
4/26/2011,69,54,28,M
4/27/2011,56,43,23,M
4/28/2011,57,42,31,0
4/29/2011,62,43,13,M
4/30/2011,73,49,39,0
5/1/2011,64,45,18,M
5/2/2011,55,46,8,0.04
5/3/2011,57,40,23,0
5/4/2011,56,34,16,0
5/5/2011,64,35,20,0.25
5/6/2011,67,45,15,M
5/7/2011,76,53,26,0.11
5/8/2011,72,52,15,M
5/9/2011,80,55,26,0
5/10/2011,91,68,21,0
5/11/2011,90,62,18,0
5/12/2011,86,65,16,0
5/13/2011,81,55,17,0.02
5/14/2011,55,50,21,M
5/15/2011,51,44,22,M
5/16/2011,60,38,22,0
5/17/2011,61,37,16,0
5/18/2011,63,46,10,M
5/19/2011,75,48,8,M
5/20/2011,83,56,14,0
5/21/2011,83,66,18,0
5/22/2011,90,64,31,M
5/23/2011,85,61,32,0
5/24/2011,87,61,15,M
5/25/2011,75,61,23,M
5/26/2011,63,47,22,M
5/27/2011,61,47,13,0
5/28/2011,65,55,13,M
5/29/2011,84,63,20,M
5/30/2011,91,69,25,0
5/31/2011,M,M,26,M
6/1/2011,87,60,16,0
6/2/2011,80,61,13,0.08
6/3/2011,92,65,17,M
6/4/2011,97,73,22,M
6/5/2011,85,68,23,0.64
6/6/2011,93,68,18,M
6/7/2011,96,72,18,0
6/8/2011,96,74,20,0
6/9/2011,93,63,21,M
6/10/2011,90,62,21,M
6/11/2011,79,59,20,M
6/12/2011,74,56,18,M
6/13/2011,77,54,13,0
6/14/2011,75,63,18,M
6/15/2011,77,62,23,M
6/16/2011,84,60,17,0
6/17/2011,83,65,17,0
6/18/2011,80,67,13,M
6/19/2011,79,67,14,M
6/20/2011,85,71,21,0.02
6/21/2011,86,69,23,M
6/22/2011,75,67,23,0
6/23/2011,70,64,18,M
6/24/2011,70,59,16,M
6/25/2011,77,54,15,0.09
6/26/2011,78,66,24,M
6/27/2011,81,66,24,1.1
6/28/2011,79,60,14,0
6/29/2011,81,56,6,0
6/30/2011,85,61,11,0
7/1/2011,84,68,17,0.02
7/2/2011,93,73,16,0
7/3/2011,87,68,13,0
7/4/2011,86,62,10,0
7/5/2011,86,61,7,0
7/6/2011,88,68,8,0
7/7/2011,87,67,13,0
7/8/2011,87,64,10,M
7/9/2011,88,67,10,0
7/10/2011,89,67,13,M
7/11/2011,95,76,16,0
7/12/2011,91,72,8,0
7/13/2011,81,63,13,0.17
7/14/2011,83,61,9,M
7/15/2011,84,63,7,0
7/16/2011,85,65,5,0
7/17/2011,90,66,9,M
7/18/2011,90,73,11,0
7/19/2011,94,76,10,0
7/20/2011,94,77,13,M
7/21/2011,97,75,9,0
7/22/2011,95,77,10,M
7/23/2011,93,75,9,M
7/24/2011,86,70,20,M
7/25/2011,87,69,8,M
7/26/2011,92,70,20,0
7/27/2011,89,71,14,0
7/28/2011,91,73,14,M
7/29/2011,86,73,13,M
7/30/2011,86,70,7,0
7/31/2011,92,71,5,M
8/1/2011,92,68,7,M
8/2/2011,92,72,14,M
8/3/2011,90,70,13,M
8/4/2011,87,61,15,0
8/5/2011,88,72,7,0
8/6/2011,87,70,11,M
8/7/2011,90,69,14,M
8/8/2011,85,65,11,M
8/9/2011,88,63,15,M
8/10/2011,79,56,9,0
8/11/2011,81,53,5,0
8/12/2011,83,54,11,0
8/13/2011,86,59,10,M
8/14/2011,78,61,16,M
8/15/2011,81,56,8,M
8/16/2011,82,52,7,0
8/17/2011,86,59,8,0
8/18/2011,88,67,8,0
8/19/2011,88,66,8,0
8/20/2011,86,67,8,M
8/21/2011,85,59,11,M
8/22/2011,84,55,7,0
8/23/2011,80,58,16,M
8/24/2011,94,70,15,0
8/25/2011,83,58,10,0
8/26/2011,83,58,8,0
8/27/2011,87,61,14,0
8/28/2011,80,59,11,0
8/29/2011,82,58,9,0
8/30/2011,84,55,11,M
8/31/2011,94,64,11,0
9/1/2011,98,72,13,M
9/2/2011,98,70,11,0
9/3/2011,96,67,20,M
9/4/2011,76,58,16,M
9/5/2011,72,51,18,0
9/6/2011,71,48,18,0
9/7/2011,75,48,20,0
9/8/2011,71,54,16,M
9/9/2011,67,56,9,M
9/10/2011,74,57,6,M
9/11/2011,82,59,6,0.01
9/12/2011,87,57,10,0
9/13/2011,87,60,11,0
9/14/2011,70,48,18,M
9/15/2011,63,42,15,0
9/16/2011,62,47,9,0
9/17/2011,73,53,10,0
9/18/2011,67,57,14,M
9/19/2011,68,52,9,M
9/20/2011,79,48,8,M
9/21/2011,78,51,14,0.01
9/22/2011,65,50,8,M
9/23/2011,69,45,8,M
9/24/2011,64,51,8,0.02
9/25/2011,66,47,10,M
9/26/2011,65,47,17,M
9/27/2011,60,52,14,M
9/28/2011,70,48,11,0
9/29/2011,80,46,22,0
9/30/2011,66,43,20,0
10/1/2011,62,40,13,0
10/2/2011,69,34,9,0
10/3/2011,77,39,10,0
10/4/2011,80,42,6,0
10/5/2011,83,45,6,0
10/6/2011,85,49,10,0
10/7/2011,86,51,13,0
10/8/2011,84,52,14,0
10/9/2011,83,49,8,0
10/10/2011,81,49,9,0
10/11/2011,81,52,7,0
10/12/2011,78,51,13,0.07
10/13/2011,64,50,14,M
10/14/2011,64,44,24,0.01
10/15/2011,64,42,21,0
10/16/2011,71,41,17,0
10/17/2011,62,36,11,0.36
10/18/2011,49,44,15,M
10/19/2011,45,43,28,M
10/20/2011,46,33,28,M
10/21/2011,57,30,13,0
10/22/2011,68,32,14,0
10/23/2011,68,41,15,0
10/24/2011,65,45,13,M
10/25/2011,77,47,32,0
10/26/2011,65,46,17,M
10/27/2011,52,36,14,0.02
10/28/2011,54,32,8,0
10/29/2011,55,30,22,0
10/30/2011,59,31,26,0.08
10/31/2011,55,32,13,0
11/1/2011,71,30,18,0
11/2/2011,70,47,23,0
11/3/2011,48,45,23,M
11/4/2011,54,35,18,0
11/5/2011,58,31,15,0
11/6/2011,58,42,26,0
11/7/2011,57,51,10,M
11/8/2011,66,52,29,0.1
11/9/2011,60,34,32,M
11/10/2011,43,27,25,0
11/11/2011,48,24,21,M
11/12/2011,59,35,26,M
11/13/2011,71,52,39,0
11/14/2011,72,48,33,M
11/15/2011,60,42,21,M
11/16/2011,47,29,22,0
11/17/2011,42,23,24,0
11/18/2011,51,29,30,M
11/19/2011,59,42,28,M
11/20/2011,56,38,17,M
11/21/2011,48,40,16,0
11/22/2011,45,40,21,M
11/23/2011,47,34,15,M
11/24/2011,47,41,18,M
11/25/2011,60,40,25,0
11/26/2011,62,43,25,M
11/27/2011,43,35,18,M
11/28/2011,39,34,28,M
11/29/2011,43,29,29,M
11/30/2011,39,22,13,0
12/1/2011,45,25,14,0
12/2/2011,39,32,13,0
12/3/2011,55,41,21,M
12/4/2011,53,33,24,M
12/5/2011,37,32,17,M
12/6/2011,36,26,16,0
12/7/2011,34,25,14,M
12/8/2011,40,22,11,0
12/9/2011,34,19,14,M
12/10/2011,30,11,10,M
12/11/2011,42,24,15,0
12/12/2011,47,22,9,0
12/13/2011,44,37,11,M
12/14/2011,57,42,23,M
12/15/2011,59,32,26,M
12/16/2011,35,25,14,0
12/17/2011,38,24,15,0
12/18/2011,48,23,17,0
12/19/2011,52,42,17,M
12/20/2011,46,37,16,M
12/21/2011,45,33,17,M
12/22/2011,39,30,16,M
12/23/2011,36,28,16,M
12/24/2011,39,23,15,0
12/25/2011,45,28,23,0
12/26/2011,43,24,22,0
12/27/2011,38,31,20,M
12/28/2011,36,24,15,M
12/29/2011,53,35,22,0
12/30/2011,47,37,30,M
12/31/2011,45,36,21,M
1/1/2012,46,30,37,0.03
1/2/2012,29,14,30,M
1/3/2012,29,9,18,0
1/4/2012,47,26,17,0
1/5/2012,53,25,18,0
1/6/2012,59,34,21,0
1/7/2012,46,28,13,0
1/8/2012,41,26,10,0
1/9/2012,48,24,14,0
1/10/2012,56,26,15,0
1/11/2012,48,32,13,M
1/12/2012,37,14,30,M
1/13/2012,18,12,26,M
1/14/2012,22,3,9,M
1/15/2012,34,15,20,0
1/16/2012,56,31,21,M
1/17/2012,59,19,29,M
1/18/2012,28,10,16,0
1/19/2012,30,8,18,M
1/20/2012,22,7,22,M
1/21/2012,26,19,20,M
1/22/2012,50,24,22,M
1/23/2012,48,32,30,M
1/24/2012,34,27,16,0
1/25/2012,34,26,16,M
1/26/2012,36,33,14,M
1/27/2012,40,33,17,M
1/28/2012,37,27,26,0.04
1/29/2012,35,24,29,0
1/30/2012,56,28,22,0
1/31/2012,60,42,25,0.07
2/1/2012,54,33,11,M
2/2/2012,54,32,7,M
2/3/2012,54,33,18,M
2/4/2012,43,37,24,M
2/5/2012,47,28,14,M
2/6/2012,33,23,11,M
2/7/2012,37,25,16,M
2/8/2012,31,28,14,M
2/9/2012,37,23,15,0
2/10/2012,37,18,30,M
2/11/2012,25,12,31,0
2/12/2012,35,15,21,0
2/13/2012,35,17,18,M
2/14/2012,36,28,13,M
2/15/2012,40,31,17,M
2/16/2012,45,30,17,M
2/17/2012,51,26,17,0
2/18/2012,42,27,16,M
2/19/2012,38,25,15,0
2/20/2012,43,20,18,0
2/21/2012,47,34,23,M
2/22/2012,55,32,17,0
2/23/2012,49,32,20,0.04
2/24/2012,43,26,30,M
2/25/2012,33,22,22,0
2/26/2012,54,22,30,0
2/27/2012,46,24,22,0
2/28/2012,52,23,18,0.1
2/29/2012,66,37,39,M
3/1/2012,53,34,15,M
3/2/2012,57,33,34,M
3/3/2012,33,26,23,0
3/4/2012,39,23,16,M
3/5/2012,36,18,20,M
3/6/2012,68,32,33,0
3/7/2012,68,49,39,0.02
3/8/2012,61,30,25,M
3/9/2012,45,26,21,0
3/10/2012,58,25,21,0
3/11/2012,68,30,22,M
3/12/2012,77,53,34,M
3/13/2012,78,40,11,M
3/14/2012,82,53,22,0
3/15/2012,80,60,23,0
3/16/2012,80,55,16,M
3/17/2012,80,50,17,M
3/18/2012,80,55,18,0
3/19/2012,81,60,23,0
3/20/2012,84,60,26,0
3/21/2012,85,58,21,0
3/22/2012,76,58,16,M
3/23/2012,69,48,13,M
3/24/2012,67,48,13,M
3/25/2012,72,51,13,M
3/26/2012,53,43,21,0
3/27/2012,75,39,25,0
3/28/2012,78,50,23,0
3/29/2012,59,43,15,0.02
3/30/2012,77,47,24,M
3/31/2012,64,43,13,0
4/1/2012,85,52,16,M
4/2/2012,76,56,20,0
4/3/2012,87,50,17,0
4/4/2012,71,48,21,0
4/5/2012,61,39,21,0
4/6/2012,63,35,16,0
4/7/2012,66,34,18,0
4/8/2012,68,41,17,0
4/9/2012,68,42,29,0
4/10/2012,55,33,25,0
4/11/2012,57,27,14,0
4/12/2012,62,32,9,0
4/13/2012,62,36,18,M
4/14/2012,65,52,21,M
4/15/2012,77,62,30,M
4/16/2012,62,45,29,M
4/17/2012,65,41,7,0
4/18/2012,73,40,16,0
4/19/2012,79,50,24,0
4/20/2012,61,41,20,M
4/21/2012,55,40,16,0
4/22/2012,57,35,26,0
4/23/2012,61,33,22,0
4/24/2012,68,39,14,0
4/25/2012,78,46,20,0
4/26/2012,73,39,22,0
4/27/2012,59,35,21,M
4/28/2012,58,46,24,M
4/29/2012,58,46,17,M
4/30/2012,71,56,17,M
5/1/2012,77,55,17,M
5/2/2012,84,62,23,0
5/3/2012,87,66,29,0
5/4/2012,81,61,16,M
5/5/2012,88,56,14,M
5/6/2012,92,63,18,M
5/7/2012,74,57,21,M
5/8/2012,73,52,21,M
5/9/2012,70,48,18,M
5/10/2012,71,42,10,0
5/11/2012,78,46,15,0
5/12/2012,77,55,15,0
5/13/2012,79,52,18,0
5/14/2012,82,57,13,0
5/15/2012,85,51,18,0
5/16/2012,76,52,20,0
5/17/2012,79,49,14,0
5/18/2012,86,48,11,0
5/19/2012,92,60,15,0
5/20/2012,93,65,20,0.48
5/21/2012,66,51,18,M
5/22/2012,76,47,21,0
5/23/2012,83,49,14,0
5/24/2012,90,57,26,0
5/25/2012,90,71,13,0
5/26/2012,94,67,21,0
5/27/2012,95,72,16,0
5/28/2012,93,70,22,M
5/29/2012,83,63,16,M
5/30/2012,77,53,20,0
5/31/2012,64,52,23,M
6/1/2012,64,50,20,M
6/2/2012,71,46,21,0.1
6/3/2012,81,51,15,0.01
6/4/2012,71,58,14,0.11
6/5/2012,76,56,20,M
6/6/2012,77,53,14,M
6/7/2012,82,53,7,M
6/8/2012,85,56,10,0
6/9/2012,87,58,13,0
6/10/2012,88,62,21,0
6/11/2012,82,66,26,M
6/12/2012,79,59,18,0
6/13/2012,78,52,11,0
6/14/2012,85,55,13,0
6/15/2012,89,56,11,0
6/16/2012,91,64,24,M
6/17/2012,84,69,11,0.22
6/18/2012,89,71,22,0
6/19/2012,89,70,17,0
6/20/2012,89,70,17,M
6/21/2012,84,64,20,0.16
6/22/2012,83,58,9,0
6/23/2012,84,59,6,0
6/24/2012,86,63,6,0
6/25/2012,81,60,18,0
6/26/2012,82,53,13,0
6/27/2012,88,55,15,0
6/28/2012,98,65,16,0
6/29/2012,99,73,13,0
6/30/2012,91,70,15,M
7/1/2012,91,72,11,0
7/2/2012,97,70,13,M
7/3/2012,93,68,9,0
7/4/2012,96,72,9,0
7/5/2012,100,70,11,0
7/6/2012,100,72,8,0
7/7/2012,100,75,13,0
7/8/2012,87,69,18,M
7/9/2012,89,68,11,M
7/10/2012,89,69,17,0
7/11/2012,90,66,13,0
7/12/2012,93,64,10,0
7/13/2012,91,64,8,0
7/14/2012,82,66,13,M
7/15/2012,90,67,9,M
7/16/2012,93,71,10,0
7/17/2012,94,72,11,0
7/18/2012,99,72,10,0
7/19/2012,96,74,18,0
7/20/2012,83,68,14,M
7/21/2012,89,62,7,0
7/22/2012,92,66,10,0
7/23/2012,98,73,14,0
7/24/2012,93,75,10,M
7/25/2012,100,73,14,0
7/26/2012,88,67,15,0
7/27/2012,88,63,20,M
7/28/2012,87,61,13,0
7/29/2012,86,59,8,0
7/30/2012,90,64,9,0
7/31/2012,96,67,18,0
8/1/2012,91,65,13,0
8/2/2012,96,60,15,0
8/3/2012,93,65,11,0
8/4/2012,94,72,18,0
8/5/2012,85,66,15,M
8/6/2012,87,61,6,0
8/7/2012,93,58,7,0
8/8/2012,94,64,18,0.04
8/9/2012,89,66,14,M
8/10/2012,78,54,18,M
8/11/2012,80,49,15,0
8/12/2012,81,54,8,0
8/13/2012,71,63,9,M
8/14/2012,81,60,9,0
8/15/2012,86,58,9,0
8/16/2012,75,63,32,M
8/17/2012,75,53,10,0.01
8/18/2012,77,50,6,0
8/19/2012,77,55,10,M
8/20/2012,79,52,10,0
8/21/2012,81,53,10,M
8/22/2012,87,53,8,0
8/23/2012,90,58,10,0
8/24/2012,93,60,8,0
8/25/2012,92,61,16,0
8/26/2012,87,64,16,M
8/27/2012,86,64,15,M
8/28/2012,86,62,8,0
8/29/2012,86,62,7,0
8/30/2012,92,60,11,0
8/31/2012,85,66,11,0.07
9/1/2012,82,73,16,M
9/2/2012,77,72,17,M
9/3/2012,86,71,14,M
9/4/2012,91,67,6,0
9/5/2012,81,67,18,0.1
9/6/2012,88,64,8,M
9/7/2012,75,61,17,M
9/8/2012,71,54,16,M
9/9/2012,73,54,14,M
9/10/2012,78,48,7,0
9/11/2012,83,52,14,0
9/12/2012,87,57,13,0
9/13/2012,84,59,20,0
9/14/2012,73,53,14,0.29
9/15/2012,77,49,7,0
9/16/2012,80,50,10,M
9/17/2012,78,54,13,M
9/18/2012,65,41,18,0
9/19/2012,72,39,20,0
9/20/2012,76,48,14,0
9/21/2012,78,47,18,M
9/22/2012,60,40,24,M
9/23/2012,65,38,14,0
9/24/2012,71,35,17,0
9/25/2012,70,55,17,0.27
9/26/2012,73,59,17,M
9/27/2012,75,56,14,M
9/28/2012,72,50,13,0
9/29/2012,77,46,10,M
9/30/2012,72,49,14,0
10/1/2012,64,50,11,0
10/2/2012,62,54,17,M
10/3/2012,72,55,14,M
10/4/2012,81,51,23,0.02
10/5/2012,51,36,13,M
10/6/2012,52,32,15,0
10/7/2012,50,31,10,M
10/8/2012,58,28,18,0
10/9/2012,65,41,22,M
10/10/2012,54,32,17,0.01
10/11/2012,64,34,20,0
10/12/2012,61,44,18,M
10/13/2012,68,46,20,M
10/14/2012,72,49,36,M
10/15/2012,62,41,16,0
10/16/2012,73,38,25,0
10/17/2012,68,53,25,M
10/18/2012,57,44,26,0.05
10/19/2012,50,46,18,M
10/20/2012,57,43,11,M
10/21/2012,72,39,15,M
10/22/2012,68,61,18,0.61
10/23/2012,70,61,17,M
10/24/2012,78,59,16,0
10/25/2012,78,45,28,M
10/26/2012,49,37,21,0
10/27/2012,51,34,18,0
10/28/2012,50,34,20,0
10/29/2012,53,33,21,0
10/30/2012,50,36,28,0
10/31/2012,50,29,22,0
11/1/2012,56,27,15,0
11/2/2012,51,33,15,0
11/3/2012,42,30,15,0.14
11/4/2012,48,30,9,0
11/5/2012,46,30,11,0
11/6/2012,45,30,8,M
11/7/2012,45,39,10,0
11/8/2012,49,36,10,M
11/9/2012,63,36,20,M
11/10/2012,74,52,26,0
11/11/2012,67,43,34,M
11/12/2012,41,29,23,M
11/13/2012,41,24,8,0
11/14/2012,43,27,11,0
11/15/2012,47,25,6,0
11/16/2012,52,29,7,M
11/17/2012,55,28,10,0
11/18/2012,59,30,9,0
11/19/2012,58,34,13,0
11/20/2012,60,47,8,0
11/21/2012,61,36,9,M
11/22/2012,61,44,24,M
11/23/2012,44,21,34,0
11/24/2012,30,23,14,0
11/25/2012,46,30,16,0
11/26/2012,44,29,15,0
11/27/2012,37,19,10,0
11/28/2012,47,21,10,0
11/29/2012,53,27,20,0
11/30/2012,60,35,17,0
12/1/2012,63,34,22,M
12/2/2012,67,53,18,M
12/3/2012,71,58,29,M
12/4/2012,60,37,16,M
12/5/2012,45,33,13,0
12/6/2012,50,30,10,0
12/7/2012,47,43,15,M
12/8/2012,45,39,14,M
12/9/2012,50,39,17,M
12/10/2012,39,28,20,0
12/11/2012,35,20,17,0
12/12/2012,44,21,10,0
12/13/2012,46,29,21,0
12/14/2012,51,29,9,0
12/15/2012,53,38,22,M
12/16/2012,51,39,17,0
12/17/2012,39,35,10,M
12/18/2012,47,34,24,M
12/19/2012,43,35,22,M
12/20/2012,53,25,46,M
12/21/2012,27,16,34,0.04
12/22/2012,32,11,11,0
12/23/2012,37,22,13,0
12/24/2012,32,27,18,M
12/25/2012,36,27,20,M
12/26/2012,32,28,29,M
12/27/2012,31,27,11,0
12/28/2012,32,29,11,M
12/29/2012,31,16,22,M
12/30/2012,36,14,17,0
12/31/2012,35,23,16,M
1/1/2013,22,7,14,M
1/2/2013,22,2,14,0
1/3/2013,31,14,16,M
1/4/2013,32,10,18,0
1/5/2013,34,17,15,0
1/6/2013,35,16,23,0
1/7/2013,37,15,21,0
1/8/2013,44,25,15,0
1/9/2013,50,28,15,M
1/10/2013,48,28,16,M
1/11/2013,56,49,22,M
1/12/2013,57,32,24,M
1/13/2013,32,16,20,0.01
1/14/2013,25,14,10,0
1/15/2013,29,15,14,0
1/16/2013,36,18,20,M
1/17/2013,36,19,18,0
1/18/2013,39,18,29,M
1/19/2013,52,34,28,0
1/20/2013,36,19,28,0
1/21/2013,19,6,26,M
1/22/2013,15,3,20,0
1/23/2013,33,11,25,0
1/24/2013,25,8,20,0
1/25/2013,34,19,16,M
1/26/2013,32,13,11,0
1/27/2013,43,20,20,M
1/28/2013,56,43,22,M
1/29/2013,61,52,25,M
1/30/2013,54,23,31,M
1/31/2013,25,7,30,M
2/1/2013,21,4,23,0
2/2/2013,29,14,17,M
2/3/2013,27,16,24,M
2/4/2013,42,21,17,M
2/5/2013,40,22,20,M
2/6/2013,42,28,13,0
2/7/2013,53,30,23,M
2/8/2013,34,27,24,M
2/9/2013,40,29,13,0
2/10/2013,51,34,29,M
2/11/2013,43,29,32,0
2/12/2013,34,23,10,0
2/13/2013,49,27,17,0
2/14/2013,45,31,26,M
2/15/2013,34,23,20,0
2/16/2013,28,16,18,M
2/17/2013,36,11,14,0
2/18/2013,54,29,31,M
2/19/2013,29,18,32,M
2/20/2013,25,9,17,M
2/21/2013,31,15,28,M
2/22/2013,35,27,20,M
2/23/2013,28,18,13,0
2/24/2013,35,15,8,0
2/25/2013,44,25,20,0
2/26/2013,36,33,25,M
2/27/2013,34,32,21,M
2/28/2013,37,31,18,M
3/1/2013,31,26,17,M
3/2/2013,31,20,17,M
3/3/2013,34,16,8,0
3/4/2013,35,26,23,0
3/5/2013,36,28,31,M
3/6/2013,31,27,26,M
3/7/2013,34,27,10,M
3/8/2013,43,24,15,0
3/9/2013,51,34,22,0.01
3/10/2013,59,48,22,M
3/11/2013,49,32,24,M
3/12/2013,42,28,31,M
3/13/2013,35,24,22,M
3/14/2013,40,20,15,M
3/15/2013,56,28,10,M
3/16/2013,42,33,23,M
3/17/2013,41,32,20,0.01
3/18/2013,40,27,31,M
3/19/2013,42,22,26,0
3/20/2013,30,20,28,0
3/21/2013,35,14,13,0
3/22/2013,44,18,7,0
3/23/2013,50,33,20,0
3/24/2013,34,30,24,M
3/25/2013,34,28,25,M
3/26/2013,36,29,15,0
3/27/2013,39,26,9,0
3/28/2013,45,23,7,0
3/29/2013,55,33,8,0
3/30/2013,56,33,16,0
3/31/2013,61,39,21,M
4/1/2013,45,27,20,0
4/2/2013,48,23,16,0
4/3/2013,49,24,14,0
4/4/2013,58,29,8,0
4/5/2013,61,34,15,0
4/6/2013,73,39,37,0
4/7/2013,73,45,22,0
4/8/2013,74,57,26,0.02
4/9/2013,77,56,32,0
4/10/2013,72,46,23,M
4/11/2013,58,39,21,M
4/12/2013,44,37,26,M
4/13/2013,51,39,23,0
4/14/2013,74,42,26,0.04
4/15/2013,66,48,22,M
4/16/2013,52,45,17,M
4/17/2013,73,45,20,M
4/18/2013,70,41,30,M
4/19/2013,41,35,28,0.01
4/20/2013,46,31,10,M
4/21/2013,55,34,17,0
4/22/2013,68,38,16,M
4/23/2013,58,40,20,M
4/24/2013,48,37,20,M
4/25/2013,55,36,24,0
4/26/2013,62,36,18,0
4/27/2013,62,44,18,0.45
4/28/2013,60,52,13,M
4/29/2013,72,45,21,0.01
4/30/2013,83,56,20,M
5/1/2013,83,55,15,0
5/2/2013,79,48,21,0.24
5/3/2013,71,46,22,0.06
5/4/2013,62,54,17,M
5/5/2013,66,53,15,0.09
5/6/2013,69,54,14,0
5/7/2013,76,55,9,0
5/8/2013,80,55,7,0
5/9/2013,67,58,17,M
5/10/2013,66,49,14,M
5/11/2013,64,40,29,0
5/12/2013,58,35,20,0
5/13/2013,67,38,15,0
5/14/2013,88,54,22,0
5/15/2013,87,65,26,0
5/16/2013,83,64,16,0
5/17/2013,83,57,16,M
5/18/2013,81,59,13,0
5/19/2013,91,59,22,0
5/20/2013,90,64,25,M
5/21/2013,81,64,23,0.09
5/22/2013,76,61,22,M
5/23/2013,61,44,23,M
5/24/2013,68,40,14,0
5/25/2013,62,46,15,0.36
5/26/2013,64,52,17,M
5/27/2013,78,59,21,M
5/28/2013,81,64,28,0
5/29/2013,87,65,24,0
5/30/2013,88,66,33,M
5/31/2013,77,64,29,M
6/1/2013,72,61,23,M
6/2/2013,67,54,15,M
6/3/2013,67,50,13,0
6/4/2013,74,51,15,0
6/5/2013,81,58,10,0
6/6/2013,80,62,16,0
6/7/2013,74,57,11,0
6/8/2013,80,53,9,0
6/9/2013,84,62,18,M
6/10/2013,80,61,14,M
6/11/2013,87,59,17,0
6/12/2013,96,70,24,0
6/13/2013,83,62,20,M
6/14/2013,82,55,11,0
6/15/2013,83,65,20,M
6/16/2013,81,67,18,0.03
6/17/2013,86,65,13,0
6/18/2013,86,63,17,M
6/19/2013,84,61,11,0
6/20/2013,88,64,13,0
6/21/2013,90,68,15,M
6/22/2013,86,66,20,M
6/23/2013,81,67,18,M
6/24/2013,88,66,14,M
6/25/2013,88,66,17,M
6/26/2013,M,M,M,M
6/27/2013,88,71,18,M
6/28/2013,83,66,20,M
6/29/2013,74,63,14,0.3
6/30/2013,75,63,17,M
7/1/2013,77,63,18,0.03
7/2/2013,69,62,15,M
7/3/2013,75,60,6,M
7/4/2013,79,58,13,M
7/5/2013,81,62,10,M
7/6/2013,77,67,9,0
7/7/2013,86,65,14,0
7/8/2013,86,70,17,0
7/9/2013,90,75,11,0.01
7/10/2013,85,69,20,0.9
7/11/2013,80,60,13,0
7/12/2013,81,55,8,0
7/13/2013,83,63,10,M
7/14/2013,88,66,10,0
7/15/2013,88,72,11,0
7/16/2013,90,69,7,0
7/17/2013,91,70,5,0
7/18/2013,92,72,9,0
7/19/2013,92,75,13,0
7/20/2013,85,70,9,M
7/21/2013,79,68,7,M
7/22/2013,84,68,8,0.46
7/23/2013,84,64,14,M
7/24/2013,75,58,10,0
7/25/2013,77,53,8,0
7/26/2013,75,60,11,0.04
7/27/2013,71,52,13,0
7/28/2013,73,49,15,0
7/29/2013,77,52,7,0
7/30/2013,70,63,9,M
7/31/2013,77,64,8,M
8/1/2013,81,60,11,M
8/2/2013,79,61,13,0
8/3/2013,82,59,8,M
8/4/2013,77,57,7,0
8/5/2013,77,57,9,0
8/6/2013,83,66,8,M
8/7/2013,82,69,8,M
8/8/2013,79,68,8,M
8/9/2013,82,62,8,0
8/10/2013,82,62,9,M
8/11/2013,82,57,5,M
8/12/2013,82,63,10,M
8/13/2013,75,55,13,M
8/14/2013,70,49,8,0
8/15/2013,74,49,9,0
8/16/2013,77,60,10,0
8/17/2013,79,60,9,M
8/18/2013,83,62,9,0
8/19/2013,84,59,5,0
8/20/2013,86,61,5,0
8/21/2013,86,63,9,M
8/22/2013,86,68,16,0.01
8/23/2013,83,65,8,0
8/24/2013,86,62,10,0
8/25/2013,87,60,8,0
8/26/2013,88,64,9,0
8/27/2013,90,71,13,0
8/28/2013,92,70,14,0
8/29/2013,85,66,8,M
8/30/2013,94,65,15,M
8/31/2013,96,67,14,M
9/1/2013,81,67,8,M
9/2/2013,84,63,10,0
9/3/2013,76,55,7,0
9/4/2013,83,53,6,0
9/5/2013,87,57,7,0
9/6/2013,86,60,8,0
9/7/2013,88,63,14,0
9/8/2013,86,68,8,0.01
9/9/2013,95,68,13,0
9/10/2013,96,71,13,M
9/11/2013,95,70,14,0
9/12/2013,85,59,17,0.03
9/13/2013,72,52,13,0
9/14/2013,74,45,9,0
9/15/2013,77,48,11,M
9/16/2013,68,52,14,M
9/17/2013,76,50,10,0
9/18/2013,86,61,14,0
9/19/2013,93,71,15,0.03
9/20/2013,77,56,15,M
9/21/2013,72,50,11,0.01
9/22/2013,74,44,9,0
9/23/2013,76,46,11,0
9/24/2013,79,47,10,0
9/25/2013,82,57,9,M
9/26/2013,83,54,8,0
9/27/2013,84,50,11,0
9/28/2013,85,52,20,0
9/29/2013,74,56,11,0.08
9/30/2013,78,52,13,M
10/1/2013,82,62,14,0
10/2/2013,77,63,10,M
10/3/2013,87,64,18,M
10/4/2013,89,66,14,M
10/5/2013,82,61,13,M
10/6/2013,64,46,20,0.04
10/7/2013,68,43,13,M
10/8/2013,77,44,9,0
10/9/2013,76,47,8,0
10/10/2013,79,51,8,0
10/11/2013,79,53,13,0
10/12/2013,74,54,14,0
10/13/2013,71,45,9,0
10/14/2013,70,42,13,0
10/15/2013,64,53,15,M
10/16/2013,55,40,15,0
10/17/2013,59,41,16,M
10/18/2013,56,40,14,0
10/19/2013,56,41,22,M
10/20/2013,69,37,28,0
10/21/2013,52,29,14,0
10/22/2013,50,27,16,M
10/23/2013,45,34,11,M
10/24/2013,43,27,16,M
10/25/2013,51,23,13,0
10/26/2013,61,32,23,0
10/27/2013,57,26,10,0
10/28/2013,63,31,8,0
10/29/2013,58,38,14,0.06
10/30/2013,67,51,21,M
10/31/2013,64,47,22,M
11/1/2013,54,41,21,M
11/2/2013,50,31,16,0
11/3/2013,55,29,13,0
11/4/2013,59,40,21,0
11/5/2013,59,50,21,0.06
11/6/2013,58,35,25,M
11/7/2013,49,28,18,0
11/8/2013,52,25,20,0
11/9/2013,64,39,23,0
11/10/2013,50,31,15,0
11/11/2013,52,29,23,M
11/12/2013,32,20,21,0
11/13/2013,39,16,17,0
11/14/2013,53,27,23,0
11/15/2013,52,38,16,M
11/16/2013,62,46,30,0.03
11/17/2013,70,41,37,M
11/18/2013,50,28,26,0
11/19/2013,44,21,14,0
11/20/2013,45,26,17,0.06
11/21/2013,49,43,15,M
11/22/2013,48,28,17,M
11/23/2013,28,15,24,0
11/24/2013,26,10,13,0
11/25/2013,34,23,18,0
11/26/2013,38,21,22,M
11/27/2013,28,13,20,0
11/28/2013,39,16,20,0
11/29/2013,40,16,11,0
11/30/2013,52,26,17,0
12/1/2013,50,26,10,0
12/2/2013,46,33,11,M
12/3/2013,52,35,17,M
12/4/2013,61,42,23,M
12/5/2013,43,23,20,M
12/6/2013,22,12,16,0
12/7/2013,24,9,11,0
12/8/2013,27,19,17,M
12/9/2013,26,12,20,M
12/10/2013,28,-1,24,0
12/11/2013,27,3,18,0
12/12/2013,26,-2,17,0
12/13/2013,39,14,14,0.19
12/14/2013,M,M,20,M
12/15/2013,23,12,21,M
12/16/2013,25,16,16,M
12/17/2013,28,13,15,M
12/18/2013,37,8,28,0
12/19/2013,43,36,22,M
12/20/2013,59,33,18,M
12/21/2013,37,32,18,M
12/22/2013,36,28,21,M
12/23/2013,26,6,18,M
12/24/2013,20,4,15,0
12/25/2013,31,21,17,M
12/26/2013,37,19,21,0
12/27/2013,46,26,16,0
12/28/2013,53,33,15,0
12/29/2013,37,16,21,M
12/30/2013,20,7,16,0
12/31/2013,31,14,14,0
1/1/2014,34,20,15,0.04
1/2/2014,20,-2,23,M
1/3/2014,20,-8,24,0
1/4/2014,36,21,25,M
1/5/2014,M,M,39,M
1/6/2014,-6,-13,34,M
1/7/2014,11,-10,15,0
1/8/2014,21,4,9,0.01
1/9/2014,32,15,15,M
1/10/2014,41,32,23,M
1/11/2014,40,31,22,M
1/12/2014,44,29,23,M
1/13/2014,51,27,23,0
1/14/2014,38,26,30,0.02
1/15/2014,25,16,22,M
1/16/2014,37,22,26,0.01
1/17/2014,27,10,23,0
1/18/2014,29,11,21,M
1/19/2014,38,16,23,0
1/20/2014,40,26,21,M
1/21/2014,25,1,26,M
1/22/2014,20,-2,28,M
1/23/2014,6,-8,21,0
1/24/2014,25,-5,32,0
1/25/2014,34,7,31,M
1/26/2014,43,15,41,0
1/27/2014,12,-2,32,0
1/28/2014,13,-6,14,0
1/29/2014,29,5,21,0
1/30/2014,37,19,36,0
1/31/2014,30,22,13,M
2/1/2014,37,28,13,M
2/2/2014,26,11,17,0
2/3/2014,25,6,11,0
2/4/2014,23,17,25,0.13
2/5/2014,26,3,24,0.04
2/6/2014,4,-8,15,0
2/7/2014,10,-12,9,0
2/8/2014,22,10,10,M
2/9/2014,21,5,14,M
2/10/2014,7,-8,11,0
2/11/2014,10,-12,8,0
2/12/2014,22,-4,9,0
2/13/2014,32,4,18,0
2/14/2014,22,2,17,M
2/15/2014,24,-6,14,M
2/16/2014,25,9,18,0
2/17/2014,36,16,29,M
2/18/2014,42,24,22,0
2/19/2014,37,31,16,0
2/20/2014,55,35,37,M
2/21/2014,43,33,32,0
2/22/2014,44,29,11,M
2/23/2014,29,20,14,0
2/24/2014,26,16,15,0
2/25/2014,24,11,22,M
2/26/2014,19,4,21,0
2/27/2014,21,7,22,0
2/28/2014,36,6,17,0
3/1/2014,35,20,17,M
3/2/2014,20,6,21,M
3/3/2014,18,2,17,0
3/4/2014,32,11,13,0
3/5/2014,32,21,20,0
3/6/2014,40,19,14,M
3/7/2014,52,24,11,0
3/8/2014,38,27,18,M
3/9/2014,47,24,17,M
3/10/2014,61,36,20,0
3/11/2014,66,34,28,M
3/12/2014,38,24,32,M
3/13/2014,44,21,20,M
3/14/2014,60,34,29,0
3/15/2014,54,30,25,0
3/16/2014,32,22,33,0
3/17/2014,40,17,16,0
3/18/2014,51,27,28,0
3/19/2014,48,30,29,M
3/20/2014,55,29,16,0
3/21/2014,70,33,20,0
3/22/2014,47,29,26,0
3/23/2014,35,23,20,M
3/24/2014,37,21,9,0
3/25/2014,32,17,24,M
3/26/2014,43,14,21,0
3/27/2014,53,35,33,M
3/28/2014,55,40,28,M
3/29/2014,40,30,18,M
3/30/2014,57,24,13,0
3/31/2014,68,39,30,0
4/1/2014,56,35,26,0.03
4/2/2014,53,42,21,M
4/3/2014,54,44,28,M
4/4/2014,55,37,32,0
4/5/2014,53,31,11,0
4/6/2014,57,31,11,0
4/7/2014,51,42,18,0.2
4/8/2014,62,37,18,M
4/9/2014,62,33,16,0
4/10/2014,76,46,29,0
4/11/2014,71,41,11,0
4/12/2014,79,45,32,0
4/13/2014,72,61,30,M
4/14/2014,63,32,29,M
4/15/2014,42,29,18,M
4/16/2014,53,29,23,0
4/17/2014,65,34,18,0
4/18/2014,68,41,17,0
4/19/2014,73,36,14,0
4/20/2014,79,41,13,0
4/21/2014,74,56,21,M
4/22/2014,66,42,21,0
4/23/2014,62,37,17,0.01
4/24/2014,73,47,28,0.1
4/25/2014,73,51,24,M
4/26/2014,82,47,21,0
4/27/2014,77,51,25,0.51
4/28/2014,72,55,29,M
4/29/2014,67,49,31,0.05
4/30/2014,50,45,17,M
5/1/2014,52,42,23,M
5/2/2014,54,45,17,0.01
5/3/2014,71,46,21,0
5/4/2014,69,46,24,0
5/5/2014,75,47,18,0
5/6/2014,81,50,24,0
5/7/2014,87,65,25,0
5/8/2014,91,65,33,0.01
5/9/2014,79,56,26,M
5/10/2014,77,54,11,0
5/11/2014,84,59,21,0.35
5/12/2014,85,66,28,M
5/13/2014,69,52,16,M
5/14/2014,53,45,21,M
5/15/2014,57,45,23,M
5/16/2014,52,41,18,M
5/17/2014,57,37,11,0
5/18/2014,66,40,9,0
5/19/2014,74,44,23,0
5/20/2014,86,60,22,0
5/21/2014,89,68,18,M
5/22/2014,76,58,16,0
5/23/2014,77,55,14,0
5/24/2014,77,51,10,0
5/25/2014,82,61,14,0
5/26/2014,88,60,22,0
5/27/2014,86,67,15,0.48
5/28/2014,86,66,17,0
5/29/2014,83,64,20,M
5/30/2014,87,65,15,0
5/31/2014,89,63,16,0
6/1/2014,90,63,18,M
6/2/2014,81,70,31,M
6/3/2014,89,69,16,0
6/4/2014,77,61,29,M
6/5/2014,78,58,14,M
6/6/2014,81,58,9,0
6/7/2014,84,60,25,M
6/8/2014,77,60,30,0.04
6/9/2014,81,56,15,0
6/10/2014,69,63,15,M
6/11/2014,73,64,15,M
6/12/2014,82,60,17,M
6/13/2014,75,55,16,0
6/14/2014,79,51,16,0
6/15/2014,86,55,30,0
6/16/2014,89,70,17,0
6/17/2014,93,73,25,0
6/18/2014,90,72,M,M
6/19/2014,92,71,M,0.27
6/20/2014,86,68,17,M
6/21/2014,88,65,20,0.11
6/22/2014,86,64,15,M
6/23/2014,89,69,17,M
6/24/2014,82,68,13,M
6/25/2014,85,65,13,0
6/26/2014,86,66,8,M
6/27/2014,87,66,14,0
6/28/2014,86,71,18,M
6/29/2014,82,72,16,M
6/30/2014,88,67,18,M
7/1/2014,83,67,17,0.95
7/2/2014,71,60,15,0
7/3/2014,75,59,10,M
7/4/2014,78,54,7,0
7/5/2014,79,59,13,M
7/6/2014,83,64,17,M
7/7/2014,85,72,15,M
7/8/2014,81,65,21,0.18
7/9/2014,80,61,16,0
7/10/2014,80,59,13,0
7/11/2014,84,57,10,M
7/12/2014,83,70,15,M
7/13/2014,83,70,16,M
7/14/2014,82,59,16,0.55
7/15/2014,70,53,17,0
7/16/2014,73,52,11,0
7/17/2014,76,54,7,0
7/18/2014,77,59,10,0
7/19/2014,78,56,7,M
7/20/2014,78,58,5,M
7/21/2014,83,60,7,0
7/22/2014,86,64,14,M
7/23/2014,78,59,24,M
7/24/2014,77,56,13,0
7/25/2014,72,55,14,M
7/26/2014,85,67,14,M
7/27/2014,84,63,25,M
7/28/2014,72,55,16,M
7/29/2014,76,53,17,0
7/30/2014,79,56,14,0
7/31/2014,81,57,8,0
8/1/2014,80,61,10,M
8/2/2014,81,57,9,0
8/3/2014,83,59,6,0
8/4/2014,84,61,7,0
8/5/2014,83,66,9,M
8/6/2014,77,65,9,M
8/7/2014,73,63,13,M
8/8/2014,72,65,15,M
8/9/2014,77,66,14,0
8/10/2014,81,67,10,M
8/11/2014,81,65,14,0.06
8/12/2014,72,61,18,M
8/13/2014,79,54,13,0
8/14/2014,80,54,13,0
8/15/2014,74,51,8,0
8/16/2014,76,64,11,M
8/17/2014,79,66,13,M
8/18/2014,81,65,9,M
8/19/2014,84,65,15,M
8/20/2014,79,62,14,M
8/21/2014,87,70,14,M
8/22/2014,84,73,10,0.11
8/23/2014,88,71,16,M
8/24/2014,88,69,10,M
8/25/2014,91,68,21,0.23
8/26/2014,89,66,14,M
8/27/2014,87,68,11,M
8/28/2014,83,65,10,M
8/29/2014,87,70,13,M
8/30/2014,82,71,16,M
8/31/2014,83,72,10,M
9/1/2014,82,70,20,M
9/2/2014,80,66,10,M
9/3/2014,82,61,11,M
9/4/2014,87,67,14,0
9/5/2014,92,64,21,M
9/6/2014,74,55,13,M
9/7/2014,M,M,M,0
9/8/2014,M,M,M,0
9/9/2014,M,M,M,M
9/10/2014,79,64,23,M
9/11/2014,62,52,13,M
9/12/2014,60,47,18,M
9/13/2014,61,39,14,0
9/14/2014,69,42,9,0
9/15/2014,60,47,10,M
9/16/2014,68,48,9,M
9/17/2014,68,45,8,M
9/18/2014,73,49,13,0
9/19/2014,75,48,14,0
9/20/2014,83,57,20,0.57
9/21/2014,71,50,22,0
9/22/2014,69,44,9,0
9/23/2014,M,M,M,0
9/24/2014,M,M,M,0
9/25/2014,79,52,M,0
9/26/2014,M,M,8,0
9/27/2014,M,M,13,0
9/28/2014,83,52,7,0
9/29/2014,83,55,8,0
9/30/2014,72,51,15,0
10/1/2014,M,M,16,0
10/2/2014,74,65,17,M
10/3/2014,M,M,24,M
10/4/2014,M,M,22,0
10/5/2014,63,36,13,0
10/6/2014,67,46,22,M
10/7/2014,71,49,20,0.11
10/8/2014,M,M,14,0
10/9/2014,57,51,7,0.08
10/10/2014,M,M,14,0
10/11/2014,M,M,11,0
10/12/2014,60,39,15,0.19
10/13/2014,72,60,23,M
10/14/2014,63,55,M,M
10/15/2014,55,52,14,M
10/16/2014,59,52,11,M
10/17/2014,62,47,M,M
10/18/2014,53,44,14,M
10/19/2014,56,34,13,M
10/20/2014,68,47,16,0
10/21/2014,60,43,14,M
10/22/2014,60,36,M,M
10/23/2014,60,34,M,0
10/24/2014,69,46,11,M
10/25/2014,77,47,15,0
10/26/2014,72,40,9,0
10/27/2014,78,55,25,0
10/28/2014,68,41,20,0.39
10/29/2014,50,35,18,0
10/30/2014,53,30,10,0.06
10/31/2014,45,34,31,M
11/1/2014,48,26,18,0
11/2/2014,54,23,M,0
11/3/2014,67,43,24,0
11/4/2014,55,40,20,M
11/5/2014,60,38,M,0
11/6/2014,48,38,29,M
11/7/2014,46,27,14,0
11/8/2014,48,30,26,0
11/9/2014,55,28,22,0
11/10/2014,64,41,33,0
11/11/2014,51,33,24,M
11/12/2014,32,22,20,0
11/13/2014,29,15,17,0
11/14/2014,29,14,15,0
11/15/2014,34,15,10,0
11/16/2014,33,25,16,M
11/17/2014,22,12,28,M
11/18/2014,19,9,24,0
11/19/2014,36,16,25,M
11/20/2014,33,15,22,0
11/21/2014,36,9,15,0.02
11/22/2014,56,36,24,M
11/23/2014,54,48,20,M
11/24/2014,54,32,31,M
11/25/2014,32,21,18,M
11/26/2014,30,19,15,M
11/27/2014,28,13,20,0
11/28/2014,38,15,25,0
11/29/2014,53,33,24,0
11/30/2014,64,32,25,M
12/1/2014,31,22,22,0
12/2/2014,32,24,13,M
12/3/2014,40,24,16,0
12/4/2014,34,25,15,M
12/5/2014,41,33,16,M
12/6/2014,39,30,20,M
12/7/2014,36,27,M,0
12/8/2014,40,32,15,M
12/9/2014,38,31,18,M
12/10/2014,35,32,13,0
12/11/2014,32,22,10,M
12/12/2014,37,21,11,M
12/13/2014,49,34,11,0
12/14/2014,48,44,14,M
12/15/2014,46,43,22,M
12/16/2014,46,27,31,M
12/17/2014,26,22,16,M
12/18/2014,28,20,6,M
12/19/2014,33,16,6,0
12/20/2014,34,24,9,M
12/21/2014,39,29,13,M
12/22/2014,48,30,18,M
12/23/2014,49,41,15,M
12/24/2014,43,36,20,M
12/25/2014,45,35,18,M
12/26/2014,53,35,17,M
12/27/2014,49,30,22,M
12/28/2014,31,22,14,M
12/29/2014,38,19,11,0
12/30/2014,27,13,16,0
12/31/2014,22,8,17,0
1/1/2015,32,16,23,0
1/2/2015,38,22,9,M
1/3/2015,39,34,11,M
1/4/2015,34,10,29,M
1/5/2015,14,3,20,M
1/6/2015,14,9,22,0
1/7/2015,13,-6,28,M
1/8/2015,22,-7,31,M
1/9/2015,14,-2,28,M
1/10/2015,24,-3,22,0
1/11/2015,34,25,14,M
1/12/2015,33,11,21,M
1/13/2015,17,1,16,0
1/14/2015,20,-1,7,0
1/15/2015,36,12,14,0
1/16/2015,38,19,15,M
1/17/2015,47,33,22,0
1/18/2015,43,28,22,0
1/19/2015,44,26,9,0
1/20/2015,44,31,16,0
1/21/2015,37,31,17,M
1/22/2015,37,32,7,M
1/23/2015,33,26,11,0
1/24/2015,45,27,16,M
1/25/2015,38,28,23,M
1/26/2015,30,24,13,M
1/27/2015,32,22,13,M
1/28/2015,37,19,22,0
1/29/2015,40,33,26,M
1/30/2015,34,22,20,0
1/31/2015,38,22,16,M
2/1/2015,34,17,24,M
2/2/2015,18,11,26,M
2/3/2015,35,16,18,0
2/4/2015,34,7,22,M
2/5/2015,16,-1,14,0
2/6/2015,35,13,16,0
2/7/2015,50,32,18,0
2/8/2015,54,33,20,M
2/9/2015,32,27,18,M
2/10/2015,36,27,16,0
2/11/2015,36,23,23,M
2/12/2015,20,10,31,0
2/13/2015,29,8,18,0
2/14/2015,29,5,38,0
2/15/2015,19,3,15,0
2/16/2015,21,6,11,0
2/17/2015,30,5,20,M
2/18/2015,14,1,25,M
2/19/2015,11,-4,18,M
2/20/2015,20,-2,23,M
2/21/2015,31,19,10,M
2/22/2015,29,7,18,0
2/23/2015,13,-9,13,0
2/24/2015,28,-12,26,0
2/25/2015,30,8,15,0
2/26/2015,24,9,17,M
2/27/2015,13,-6,9,M
2/28/2015,23,4,13,0.23
3/1/2015,27,12,10,M
3/2/2015,26,9,9,M
3/3/2015,36,26,22,M
3/4/2015,33,15,20,0
3/5/2015,15,-5,16,0
3/6/2015,25,-7,25,0
3/7/2015,39,23,20,0
3/8/2015,42,24,10,0
3/9/2015,44,31,9,M
3/10/2015,51,34,8,M
3/11/2015,63,31,15,M
3/12/2015,58,34,16,0
3/13/2015,48,40,13,0.2
3/14/2015,59,38,21,M
3/15/2015,63,33,16,0
3/16/2015,73,42,20,0
3/17/2015,50,32,33,M
3/18/2015,45,28,10,0
3/19/2015,50,37,17,0.1
3/20/2015,48,36,15,0
3/21/2015,61,35,15,M
3/22/2015,53,34,22,0
3/23/2015,37,30,21,M
3/24/2015,44,28,23,M
3/25/2015,48,41,21,M
3/26/2015,47,31,20,M
3/27/2015,37,22,18,M
3/28/2015,39,16,9,0
3/29/2015,49,24,28,0.07
3/30/2015,65,32,17,0
3/31/2015,66,40,18,0
4/1/2015,74,36,18,0
4/2/2015,73,52,25,M
4/3/2015,56,33,26,0.1
4/4/2015,59,25,18,0
4/5/2015,67,33,22,0
4/6/2015,63,50,16,M
4/7/2015,65,55,15,M
4/8/2015,75,58,24,M
4/9/2015,77,52,31,M
4/10/2015,66,39,31,M
4/11/2015,63,33,9,0
4/12/2015,68,40,17,0
4/13/2015,68,52,21,M
4/14/2015,66,50,18,0
4/15/2015,71,45,26,0
4/16/2015,68,52,10,M
4/17/2015,76,48,9,0
4/18/2015,80,53,17,0
4/19/2015,61,55,16,M
4/20/2015,58,42,29,0.01
4/21/2015,62,38,33,M
4/22/2015,54,34,31,0.08
4/23/2015,58,30,21,0
4/24/2015,63,34,17,0
4/25/2015,52,45,23,M
4/26/2015,59,36,21,0
4/27/2015,62,38,21,0
4/28/2015,66,37,14,0
4/29/2015,70,42,18,0.04
4/30/2015,58,36,21,0
5/1/2015,70,35,9,0
5/2/2015,77,51,16,0
5/3/2015,84,59,25,0
5/4/2015,82,60,18,0.09
5/5/2015,87,61,18,0
5/6/2015,87,61,17,0
5/7/2015,87,59,24,0
5/8/2015,84,65,20,M
5/9/2015,76,63,10,M
5/10/2015,79,64,17,M
5/11/2015,73,52,28,M
5/12/2015,63,46,24,0
5/13/2015,65,44,14,0
5/14/2015,71,48,17,0.29
5/15/2015,83,61,23,M
5/16/2015,79,66,17,M
5/17/2015,82,67,29,M
5/18/2015,84,52,22,M
5/19/2015,64,44,17,M
5/20/2015,50,45,14,0.1
5/21/2015,66,45,15,0
5/22/2015,78,48,13,0
5/23/2015,81,58,17,0
5/24/2015,87,63,26,0
5/25/2015,85,68,37,M
5/26/2015,79,67,30,M
5/27/2015,81,61,21,M
5/28/2015,86,57,15,0
5/29/2015,86,67,22,0
5/30/2015,75,50,22,M
5/31/2015,57,49,22,0.16
6/1/2015,67,53,14,M
6/2/2015,73,52,15,0
6/3/2015,77,53,9,0
6/4/2015,81,59,11,0
6/5/2015,86,57,18,M
6/6/2015,80,56,13,0
6/7/2015,89,64,25,M
6/8/2015,82,65,18,M
6/9/2015,86,60,8,0
6/10/2015,91,68,18,0
6/11/2015,89,68,15,M
6/12/2015,86,69,18,M
6/13/2015,84,70,16,M
6/14/2015,81,72,18,M
6/15/2015,85,72,15,M
6/16/2015,80,65,17,M
6/17/2015,77,64,20,M
6/18/2015,82,69,20,M
6/19/2015,74,65,16,0.06
6/20/2015,81,68,16,M
6/21/2015,82,68,15,0.12
6/22/2015,86,71,M,M
6/23/2015,80,63,20,0
6/24/2015,74,63,13,0.1
6/25/2015,80,67,22,M
6/26/2015,72,65,13,M
6/27/2015,76,58,18,0
6/28/2015,76,56,10,M
6/29/2015,78,64,11,M
6/30/2015,81,64,11,0
7/1/2015,76,61,13,M
7/2/2015,77,58,13,0
7/3/2015,76,60,10,0
7/4/2015,79,57,5,0
7/5/2015,82,58,6,0
7/6/2015,86,63,14,M
7/7/2015,76,56,14,M
7/8/2015,70,56,14,M
7/9/2015,68,61,14,M
7/10/2015,78,62,6,M
7/11/2015,79,61,11,M
7/12/2015,86,71,7,M
7/13/2015,90,73,14,0
7/14/2015,86,65,15,0
7/15/2015,79,60,11,0
7/16/2015,83,65,14,0
7/17/2015,90,73,14,0
7/18/2015,90,72,15,0
7/19/2015,85,70,13,0.02
7/20/2015,83,66,14,M
7/21/2015,82,63,11,0
7/22/2015,81,57,8,0
7/23/2015,83,61,8,0
7/24/2015,84,61,10,0
7/25/2015,86,67,8,M
7/26/2015,84,70,7,M
7/27/2015,85,69,8,M
7/28/2015,91,72,6,M
7/29/2015,86,65,M,M
7/30/2015,86,61,9,0
7/31/2015,87,62,14,0
8/1/2015,84,59,9,0
8/2/2015,89,63,13,M
8/3/2015,85,63,11,0
8/4/2015,80,58,9,0
8/5/2015,82,61,9,0
8/6/2015,82,60,14,0.16
8/7/2015,81,57,7,0
8/8/2015,85,63,7,M
8/9/2015,81,71,11,M
8/10/2015,84,68,14,M
8/11/2015,83,63,13,0
8/12/2015,82,59,7,0
8/13/2015,82,59,7,0
8/14/2015,86,64,8,0
8/15/2015,88,67,7,0
8/16/2015,88,67,9,M
8/17/2015,87,67,9,0
8/18/2015,85,69,13,M
8/19/2015,79,58,16,M
8/20/2015,76,55,14,0
8/21/2015,81,53,10,0
8/22/2015,78,56,11,0
8/23/2015,77,57,11,M
8/24/2015,76,51,16,0
8/25/2015,75,50,11,0
8/26/2015,72,56,10,0
8/27/2015,78,53,8,0
8/28/2015,79,57,10,0
8/29/2015,81,64,10,0.01
8/30/2015,86,64,7,M
8/31/2015,87,65,9,0
9/1/2015,87,69,15,M
9/2/2015,91,68,10,0
9/3/2015,92,68,10,0
9/4/2015,93,67,11,M
9/5/2015,90,67,7,0
9/6/2015,94,67,10,0
9/7/2015,94,69,11,0
9/8/2015,90,69,20,M
9/9/2015,80,64,9,M
9/10/2015,84,58,15,0.07
9/11/2015,73,54,14,M
9/12/2015,67,48,13,0
9/13/2015,73,45,9,0
9/14/2015,82,51,15,0
9/15/2015,83,57,16,0
9/16/2015,85,55,14,0
9/17/2015,87,59,16,0
9/18/2015,83,70,15,M
9/19/2015,72,54,14,M
9/20/2015,74,49,16,0
9/21/2015,79,49,7,0
9/22/2015,83,51,7,0
9/23/2015,85,55,9,0
9/24/2015,83,55,9,0
9/25/2015,84,58,15,0
9/26/2015,79,58,15,0
9/27/2015,78,60,8,0
9/28/2015,82,63,7,0
9/29/2015,73,59,16,M
9/30/2015,69,51,16,0
10/1/2015,67,46,16,0
10/2/2015,67,46,21,0
10/3/2015,58,48,21,M
10/4/2015,70,48,14,M
10/5/2015,73,53,10,M
10/6/2015,74,55,10,M
10/7/2015,80,49,7,M
10/8/2015,79,54,18,0.02
10/9/2015,65,49,13,M
10/10/2015,69,39,9,0
10/11/2015,79,43,20,0
10/12/2015,77,56,18,0
10/13/2015,68,43,15,0
10/14/2015,68,38,10,0
10/15/2015,73,37,20,0
10/16/2015,60,36,15,0
10/17/2015,53,29,21,0
10/18/2015,61,28,9,0
10/19/2015,73,43,26,0
10/20/2015,79,50,22,0
10/21/2015,82,54,22,0
10/22/2015,78,55,15,0
10/23/2015,74,52,15,0.01
10/24/2015,72,52,28,M
10/25/2015,64,41,14,M
10/26/2015,66,41,20,0
10/27/2015,57,46,21,M
10/28/2015,58,39,24,M
10/29/2015,45,35,28,M
10/30/2015,55,36,9,M
10/31/2015,56,46,18,M
11/1/2015,67,43,13,0
11/2/2015,72,42,14,M
11/3/2015,63,45,6,M
11/4/2015,72,45,11,M
11/5/2015,70,59,26,M
11/6/2015,65,40,31,M
11/7/2015,56,35,17,0
11/8/2015,54,29,9,0
11/9/2015,57,32,8,0
11/10/2015,57,30,8,0
11/11/2015,65,38,33,0.1
11/12/2015,54,41,33,0
11/13/2015,51,28,26,0
11/14/2015,63,24,21,0
11/15/2015,67,34,20,0
11/16/2015,50,43,17,M
11/17/2015,62,50,30,M
11/18/2015,63,45,30,M
11/19/2015,48,32,29,M
11/20/2015,49,27,14,0
11/21/2015,44,17,33,M
11/22/2015,30,8,18,0
11/23/2015,42,26,18,0
11/24/2015,51,27,13,M
11/25/2015,54,38,24,0.03
11/26/2015,65,51,29,0.02
11/27/2015,59,40,22,M
11/28/2015,41,38,18,0.08
11/29/2015,40,35,20,0
11/30/2015,46,36,15,M
12/1/2015,47,35,18,0.04
12/2/2015,37,31,21,M
12/3/2015,34,26,9,M
12/4/2015,39,30,9,M
12/5/2015,39,29,10,M
12/6/2015,48,29,14,M
12/7/2015,41,32,14,M
12/8/2015,52,39,18,M
12/9/2015,54,39,17,0
12/10/2015,57,39,22,0
12/11/2015,59,35,14,M
12/12/2015,67,54,17,0
12/13/2015,63,58,23,M
12/14/2015,63,41,26,M
12/15/2015,43,38,17,M
12/16/2015,57,33,21,0
12/17/2015,34,28,18,0
12/18/2015,35,24,26,0
12/19/2015,34,18,14,0
12/20/2015,49,30,30,0.06
12/21/2015,58,41,29,M
12/22/2015,47,36,16,M
12/23/2015,62,41,32,M
12/24/2015,46,33,17,0
12/25/2015,48,37,16,0
12/26/2015,54,37,18,M
12/27/2015,47,37,26,M
12/28/2015,48,34,38,M
12/29/2015,37,31,26,0
12/30/2015,31,29,14,M
12/31/2015,30,26,15,M
1/1/2016,31,23,20,0
1/2/2016,36,21,17,0
1/3/2016,34,24,18,M
1/4/2016,34,22,16,0
1/5/2016,35,19,16,0
1/6/2016,40,22,15,0
1/7/2016,48,33,13,0
1/8/2016,47,39,14,M
1/9/2016,44,23,29,M
1/10/2016,20,9,30,M
1/11/2016,32,9,30,M
1/12/2016,30,8,30,M
1/13/2016,32,5,23,0
1/14/2016,52,25,24,0
1/15/2016,43,29,23,M
1/16/2016,29,23,17,0
1/17/2016,22,2,21,M
1/18/2016,9,0,17,0
1/19/2016,19,2,11,0.12
1/20/2016,21,7,9,M
1/21/2016,24,5,15,0
1/22/2016,28,20,23,M
1/23/2016,28,10,11,M
1/24/2016,35,12,17,0
1/25/2016,41,28,25,M
1/26/2016,33,29,26,0
1/27/2016,34,26,21,M
1/28/2016,46,30,21,M
1/29/2016,39,30,18,M
1/30/2016,54,33,18,0
1/31/2016,60,34,29,M
2/1/2016,49,31,9,0
2/2/2016,60,33,25,M
2/3/2016,47,28,25,M
2/4/2016,32,21,18,M
2/5/2016,32,22,15,M
2/6/2016,46,22,13,0
2/7/2016,49,31,26,0
2/8/2016,33,20,26,M
2/9/2016,19,15,23,M
2/10/2016,20,5,20,0
2/11/2016,24,8,9,0
2/12/2016,27,13,23,M
2/13/2016,20,4,15,0
2/14/2016,21,15,23,M
2/15/2016,30,22,11,M
2/16/2016,39,22,10,M
2/17/2016,36,25,15,M
2/18/2016,45,28,26,0
2/19/2016,64,41,36,0
2/20/2016,70,36,17,0
2/21/2016,53,35,17,0
2/22/2016,47,28,14,M
2/23/2016,49,30,25,0
2/24/2016,37,32,38,M
2/25/2016,36,32,22,0
2/26/2016,34,25,14,M
2/27/2016,53,26,20,0
2/28/2016,66,39,34,0.02
2/29/2016,58,30,23,M
3/1/2016,48,26,31,0.01
3/2/2016,37,16,15,M
3/3/2016,40,32,15,M
3/4/2016,40,27,18,M
3/5/2016,45,34,20,M
3/6/2016,54,29,21,0
3/7/2016,65,45,24,0.14
3/8/2016,71,54,33,0
3/9/2016,66,57,23,M
3/10/2016,57,43,16,M
3/11/2016,57,38,13,0
3/12/2016,59,44,14,M
3/13/2016,64,54,10,M
3/14/2016,59,44,10,M
3/15/2016,75,44,28,M
3/16/2016,61,37,33,0
3/17/2016,62,34,23,0
3/18/2016,51,32,13,0
3/19/2016,48,37,10,0.01
3/20/2016,47,31,21,0
3/21/2016,53,27,16,0
3/22/2016,67,40,30,0
3/23/2016,66,53,26,0
3/24/2016,62,33,31,M
3/25/2016,46,31,15,0
3/26/2016,62,30,14,0
3/27/2016,68,38,25,M
3/28/2016,55,40,18,M
3/29/2016,59,33,17,0
3/30/2016,61,38,25,M
3/31/2016,70,44,29,M
4/1/2016,53,37,25,M
4/2/2016,49,28,47,0
4/3/2016,66,24,31,0
4/4/2016,56,30,21,M
4/5/2016,50,25,22,0
4/6/2016,51,46,26,0.84
4/7/2016,46,32,24,M
4/8/2016,46,31,26,M
4/9/2016,40,25,24,0
4/10/2016,52,36,25,M
4/11/2016,52,34,21,M
4/12/2016,53,28,13,0
4/13/2016,61,32,15,0
4/14/2016,69,36,16,0
4/15/2016,77,42,15,0
4/16/2016,80,49,13,0
4/17/2016,82,51,11,0
4/18/2016,83,51,13,0
4/19/2016,80,54,15,0
4/20/2016,74,51,22,M
4/21/2016,69,51,14,M
4/22/2016,68,43,21,M
4/23/2016,68,41,13,M
4/24/2016,79,43,18,M
4/25/2016,83,60,23,0
4/26/2016,79,51,22,0.03
4/27/2016,61,50,21,M
4/28/2016,69,50,20,M
4/29/2016,59,46,17,M
4/30/2016,61,49,24,M
5/1/2016,66,49,15,M
5/2/2016,56,45,15,M
5/3/2016,65,42,13,0
5/4/2016,59,44,25,M
5/5/2016,67,40,20,0
5/6/2016,79,42,15,0
5/7/2016,78,55,24,M
5/8/2016,65,50,17,M
5/9/2016,71,53,20,M
5/10/2016,72,61,18,M
5/11/2016,79,55,28,M
5/12/2016,69,50,21,M
5/13/2016,71,46,32,M
5/14/2016,54,41,24,0
5/15/2016,58,39,22,0
5/16/2016,66,43,18,0.03
5/17/2016,58,49,15,0.05
5/18/2016,69,42,13,0
5/19/2016,73,48,10,0
5/20/2016,68,53,17,0.15
5/21/2016,77,53,17,0
5/22/2016,85,50,14,0
5/23/2016,83,52,16,0
5/24/2016,87,56,24,0
5/25/2016,87,62,25,0
5/26/2016,82,63,23,M
5/27/2016,82,65,24,0.45
5/28/2016,82,68,23,0
5/29/2016,86,63,16,M
5/30/2016,88,61,17,M
5/31/2016,87,65,17,0.07
6/1/2016,81,66,9,M
6/2/2016,83,62,11,0
6/3/2016,84,59,9,0
6/4/2016,75,62,14,M
6/5/2016,78,61,18,M
6/6/2016,87,61,26,0
6/7/2016,75,56,22,0
6/8/2016,77,50,8,0
6/9/2016,87,58,16,0
6/10/2016,94,69,17,0
6/11/2016,94,70,18,0
6/12/2016,91,66,15,0
6/13/2016,91,60,11,0
6/14/2016,87,70,16,M
6/15/2016,91,73,15,0.16
6/16/2016,84,66,18,0
6/17/2016,85,63,14,0
6/18/2016,87,63,13,0
6/19/2016,90,67,13,0
6/20/2016,92,71,16,M
6/21/2016,83,65,15,0
6/22/2016,85,64,18,1.45
6/23/2016,89,68,20,M
6/24/2016,84,64,7,0
6/25/2016,92,66,11,0
6/26/2016,91,72,23,M
6/27/2016,89,67,14,M
6/28/2016,78,54,16,M
6/29/2016,78,50,13,0
6/30/2016,78,54,11,0
7/1/2016,79,60,17,M
7/2/2016,65,52,11,0
7/3/2016,66,57,13,M
7/4/2016,75,64,9,M
7/5/2016,84,69,10,0
7/6/2016,83,68,16,M
7/7/2016,83,66,17,M
7/8/2016,86,66,16,0
7/9/2016,80,60,13,0
7/10/2016,83,59,8,0
7/11/2016,87,66,14,0
7/12/2016,86,71,16,M
7/13/2016,88,68,26,M
7/14/2016,86,67,14,0
7/15/2016,80,63,15,0
7/16/2016,80,63,10,M
7/17/2016,85,63,18,M
7/18/2016,84,71,14,0.39
7/19/2016,89,68,13,M
7/20/2016,86,70,8,M
7/21/2016,89,72,13,0.1
7/22/2016,86,71,17,M
7/23/2016,88,71,7,0
7/24/2016,90,70,21,M
7/25/2016,83,71,11,M
7/26/2016,83,69,9,0
7/27/2016,85,65,7,0
7/28/2016,83,70,8,M
7/29/2016,82,66,14,M
7/30/2016,81,63,11,M
7/31/2016,83,64,8,M
8/1/2016,84,67,8,M
8/2/2016,83,67,7,0
8/3/2016,86,70,8,M
8/4/2016,88,68,6,0
8/5/2016,83,69,10,M
8/6/2016,82,65,11,0
8/7/2016,83,64,13,0
8/8/2016,83,66,9,0
8/9/2016,86,67,6,0
8/10/2016,88,67,8,0
8/11/2016,90,72,10,M
8/12/2016,86,72,13,M
8/13/2016,79,69,14,M
8/14/2016,75,64,8,0
8/15/2016,75,69,17,M
8/16/2016,82,71,10,0.09
8/17/2016,82,69,8,M
8/18/2016,84,67,18,M
8/19/2016,82,67,10,M
8/20/2016,80,63,21,0.25
8/21/2016,75,57,13,0
8/22/2016,76,55,7,0
8/23/2016,78,57,14,M
8/24/2016,86,70,20,M
8/25/2016,84,66,10,M
8/26/2016,85,69,9,M
8/27/2016,84,70,20,M
8/28/2016,89,69,11,M
8/29/2016,87,69,8,0
8/30/2016,84,70,13,0
8/31/2016,83,61,18,M
9/1/2016,77,60,16,0
9/2/2016,76,59,15,0
9/3/2016,79,57,11,0
9/4/2016,82,57,10,0
9/5/2016,88,64,14,0
9/6/2016,90,70,15,0
9/7/2016,89,72,20,0
9/8/2016,79,67,15,M
9/9/2016,78,66,14,M
9/10/2016,76,55,21,M
9/11/2016,76,51,9,0
9/12/2016,79,53,13,0
9/13/2016,86,58,10,0
9/14/2016,81,66,14,M
9/15/2016,83,63,10,0
9/16/2016,76,65,13,M
9/17/2016,81,63,13,M
9/18/2016,83,60,6,0
9/19/2016,87,56,11,0
9/20/2016,91,61,7,0
9/21/2016,90,62,13,0
9/22/2016,91,60,13,0
9/23/2016,91,63,10,0
9/24/2016,89,66,10,0
9/25/2016,91,65,20,M
9/26/2016,74,50,18,0.24
9/27/2016,77,49,17,0
9/28/2016,61,54,20,M
9/29/2016,72,55,17,M
9/30/2016,68,60,15,M
10/1/2016,70,57,8,M
10/2/2016,71,55,13,M
10/3/2016,75,56,8,0
10/4/2016,82,57,15,0
10/5/2016,84,63,17,0
10/6/2016,86,63,15,0
10/7/2016,75,46,18,0
10/8/2016,68,43,11,0
10/9/2016,77,45,10,0
10/10/2016,78,46,8,0
10/11/2016,79,51,16,0.02
10/12/2016,74,50,22,0.24
10/13/2016,61,42,14,M
10/14/2016,70,43,15,0
10/15/2016,77,59,21,M
10/16/2016,71,64,18,0.36
10/17/2016,86,66,30,0
10/18/2016,81,60,23,M
10/19/2016,69,53,17,0.26
10/20/2016,61,48,20,M
10/21/2016,57,36,15,M
10/22/2016,62,33,16,0
10/23/2016,76,44,23,0
10/24/2016,64,43,14,0
10/25/2016,62,41,15,0.05
10/26/2016,67,48,17,M
10/27/2016,53,43,18,M
10/28/2016,68,41,18,0
10/29/2016,81,62,22,0
10/30/2016,65,47,17,0
10/31/2016,68,43,15,0
11/1/2016,80,60,21,0
11/2/2016,78,61,16,0.31
11/3/2016,66,50,14,M
11/4/2016,63,43,13,0
11/5/2016,63,40,8,0
11/6/2016,67,43,11,0
11/7/2016,69,40,10,0
11/8/2016,58,40,22,M
11/9/2016,57,38,11,0
11/10/2016,60,34,22,0
11/11/2016,57,35,21,0
11/12/2016,52,30,8,0
11/13/2016,57,28,14,0
11/14/2016,63,36,16,0
11/15/2016,59,37,11,M
11/16/2016,64,37,11,0
11/17/2016,74,42,22,0
11/18/2016,70,40,29,M
11/19/2016,40,28,32,M
11/20/2016,37,22,13,0
11/21/2016,42,22,8,0
11/22/2016,47,30,20,0.26
11/23/2016,48,39,18,M
11/24/2016,43,38,16,M
11/25/2016,41,38,13,0
11/26/2016,48,32,15,M
11/27/2016,44,33,24,M
11/28/2016,52,43,26,M
11/29/2016,58,44,22,0
11/30/2016,43,33,21,0
12/1/2016,39,36,20,M
12/2/2016,41,36,15,0
12/3/2016,38,32,11,M
12/4/2016,36,32,15,M
12/5/2016,39,33,13,0
12/6/2016,38,30,18,M
12/7/2016,34,24,18,0
12/8/2016,23,20,25,0
12/9/2016,27,21,14,M
12/10/2016,28,22,18,M
12/11/2016,37,28,18,M
12/12/2016,34,25,23,M
12/13/2016,29,6,17,M
12/14/2016,25,5,25,0
12/15/2016,15,5,20,0
12/16/2016,28,15,23,0.02
12/17/2016,32,19,29,M
12/18/2016,17,-2,31,M
12/19/2016,19,-2,22,0
12/20/2016,33,14,34,0
12/21/2016,41,19,18,0
12/22/2016,41,29,15,M
12/23/2016,37,31,20,M
12/24/2016,43,36,10,M
12/25/2016,51,35,21,M
12/26/2016,59,32,24,M
12/27/2016,38,26,21,0
12/28/2016,43,27,21,0
12/29/2016,41,32,31,0
12/30/2016,37,24,25,0
12/31/2016,48,23,24,0
1/1/2017,41,19,13,0
1/2/2017,48,34,13,M
1/3/2017,46,23,29,M
1/4/2017,21,15,24,0
1/5/2017,16,8,15,M
1/6/2017,10,-4,14,0
1/7/2017,20,-4,17,0
1/8/2017,20,-1,22,0
1/9/2017,37,20,28,M
1/10/2017,55,29,40,M
1/11/2017,60,24,31,M
1/12/2017,45,22,17,M
1/13/2017,31,20,17,0
1/14/2017,32,29,10,M
1/15/2017,34,29,9,0
1/16/2017,54,33,22,M
1/17/2017,55,36,21,M
1/18/2017,40,33,16,M
1/19/2017,45,32,17,M
1/20/2017,53,43,15,M
1/21/2017,63,47,21,0
1/22/2017,53,41,23,M
1/23/2017,41,37,21,M
1/24/2017,41,35,18,0
1/25/2017,52,35,30,M
1/26/2017,35,30,25,M
1/27/2017,30,25,21,M
1/28/2017,36,24,22,M
1/29/2017,30,21,21,M
1/30/2017,39,11,22,0
1/31/2017,44,33,25,M
2/1/2017,41,27,17,M
2/2/2017,29,19,18,0
2/3/2017,30,16,15,0
2/4/2017,35,11,23,0
2/5/2017,46,27,16,0
2/6/2017,50,26,14,M
2/7/2017,61,32,28,M
2/8/2017,34,16,18,M
2/9/2017,19,6,18,0
2/10/2017,49,16,24,0
2/11/2017,66,39,14,M
2/12/2017,51,31,30,M
2/13/2017,46,23,11,0
2/14/2017,52,30,17,0
2/15/2017,43,26,20,0
2/16/2017,51,23,20,0
2/17/2017,69,38,21,0
2/18/2017,68,43,20,M
2/19/2017,67,45,14,M
2/20/2017,72,44,24,0
2/21/2017,62,52,9,0.03
2/22/2017,70,45,17,M
2/23/2017,61,45,13,M
2/24/2017,68,39,30,M
2/25/2017,35,19,30,M
2/26/2017,49,17,26,0
2/27/2017,58,33,18,0.02
2/28/2017,64,47,25,M
3/1/2017,55,33,36,M
3/2/2017,39,27,23,0
3/3/2017,38,20,13,0
3/4/2017,57,31,21,0
3/5/2017,64,33,32,0
3/6/2017,62,51,31,M
3/7/2017,63,38,34,M
3/8/2017,59,34,32,0
3/9/2017,57,33,21,0
3/10/2017,39,29,22,0
3/11/2017,35,25,11,0
3/12/2017,38,20,14,0
3/13/2017,33,24,15,M
3/14/2017,27,15,18,0
3/15/2017,29,12,15,0
3/16/2017,45,17,16,M
3/17/2017,56,37,16,M
3/18/2017,43,35,21,M
3/19/2017,56,28,16,0
3/20/2017,69,45,22,0.07
3/21/2017,56,34,17,0
3/22/2017,44,28,21,0
3/23/2017,50,29,21,0
3/24/2017,77,50,33,0
3/25/2017,69,55,23,0.03
3/26/2017,62,46,20,M
3/27/2017,63,42,15,M
3/28/2017,58,44,15,M
3/29/2017,58,45,25,M
3/30/2017,66,49,M,M
3/31/2017,51,38,M,M
4/1/2017,57,35,14,M
4/2/2017,65,42,17,M
4/3/2017,66,51,18,M
4/4/2017,57,49,21,M
4/5/2017,52,40,26,M
4/6/2017,51,38,31,M
4/7/2017,56,32,20,0
4/8/2017,69,34,24,0
4/9/2017,76,53,31,0
4/10/2017,69,54,22,M
4/11/2017,57,43,14,M
4/12/2017,68,38,9,0
4/13/2017,80,45,17,0
4/14/2017,84,51,20,M
4/15/2017,82,61,29,0
4/16/2017,68,53,20,M
4/17/2017,71,53,13,0
4/18/2017,78,44,22,0
4/19/2017,82,61,16,0
4/20/2017,81,51,28,M
4/21/2017,57,46,21,0
4/22/2017,62,43,23,0
4/23/2017,73,37,16,0
4/24/2017,79,47,16,0
4/25/2017,81,47,28,0
4/26/2017,80,60,29,0.69
4/27/2017,59,46,26,M
4/28/2017,56,47,18,M
4/29/2017,60,48,28,M
4/30/2017,69,55,31,M
5/1/2017,61,45,30,0.01
5/2/2017,58,43,30,M
5/3/2017,50,40,14,0.35
5/4/2017,47,45,28,M
5/5/2017,62,42,30,0
5/6/2017,61,45,20,0.13
5/7/2017,64,40,16,0
5/8/2017,67,40,13,0
5/9/2017,82,50,15,0
5/10/2017,84,55,22,0.47
5/11/2017,65,55,15,M
5/12/2017,71,50,16,0
5/13/2017,80,49,16,0
5/14/2017,85,56,22,0
5/15/2017,89,59,18,0
5/16/2017,88,61,28,0
5/17/2017,85,69,37,0
5/18/2017,90,63,28,M
5/19/2017,61,51,21,M
5/20/2017,77,53,25,M
5/21/2017,66,50,22,M
5/22/2017,73,48,20,0
5/23/2017,70,57,14,0.21
5/24/2017,61,57,17,M
5/25/2017,67,54,20,0
5/26/2017,81,54,18,0.14
5/27/2017,74,62,11,M
5/28/2017,79,62,23,M
5/29/2017,84,59,23,0
5/30/2017,78,55,21,M
5/31/2017,79,57,20,M
6/1/2017,82,53,9,0
6/2/2017,86,56,11,0
6/3/2017,90,64,15,0
6/4/2017,89,71,20,0
6/5/2017,92,62,23,0
6/6/2017,80,54,18,0
6/7/2017,78,57,21,0
6/8/2017,82,53,8,0
6/9/2017,87,61,20,0
6/10/2017,89,64,26,0
6/11/2017,92,66,23,0
6/12/2017,95,70,20,0
6/13/2017,95,72,16,0
6/14/2017,95,70,29,M
6/15/2017,87,68,15,M
6/16/2017,89,67,15,0.01
6/17/2017,87,71,20,0.03
6/18/2017,81,64,21,M
6/19/2017,81,59,21,0.01
6/20/2017,87,56,16,0.18
6/21/2017,85,64,11,0
6/22/2017,85,71,20,M
6/23/2017,80,61,18,M
6/24/2017,76,56,17,0
6/25/2017,76,53,17,0
6/26/2017,M,M,M,0
6/27/2017,76,48,8,0
6/28/2017,83,55,22,0
6/29/2017,89,70,23,M
6/30/2017,84,68,16,M
7/1/2017,84,66,15,0
7/2/2017,88,59,11,0
7/3/2017,90,67,8,0
7/4/2017,88,66,11,0
7/5/2017,85,70,9,0
7/6/2017,88,70,13,M
7/7/2017,92,68,22,M
7/8/2017,82,60,15,0
7/9/2017,87,58,11,0
7/10/2017,89,70,22,M
7/11/2017,84,70,23,M
7/12/2017,89,69,15,0
7/13/2017,83,73,10,M
7/14/2017,80,64,13,0
7/15/2017,78,58,7,0
7/16/2017,87,60,14,M
7/17/2017,84,64,13,0
7/18/2017,87,62,7,0
7/19/2017,90,70,8,0.62
7/20/2017,M,M,18,0.04
7/21/2017,92,73,17,M
7/22/2017,88,70,15,0.16
7/23/2017,88,68,18,M
7/24/2017,82,64,11,M
7/25/2017,82,61,10,0
7/26/2017,88,62,8,0.57
7/27/2017,82,69,14,M
7/28/2017,82,66,15,M
7/29/2017,78,61,13,0
7/30/2017,82,62,8,0
7/31/2017,84,65,7,0
8/1/2017,84,65,6,0
8/2/2017,83,61,7,M
8/3/2017,84,65,15,M
8/4/2017,71,54,17,M
8/5/2017,76,51,9,0
8/6/2017,73,61,11,0
8/7/2017,77,63,11,0
8/8/2017,81,53,9,0
8/9/2017,81,55,9,0
8/10/2017,84,58,11,M
8/11/2017,83,61,10,M
8/12/2017,79,57,11,M
8/13/2017,81,56,7,0
8/14/2017,83,60,7,0
8/15/2017,87,64,8,M
8/16/2017,83,66,14,0.04
8/17/2017,84,66,18,M
8/18/2017,84,62,14,0
8/19/2017,88,61,9,0
8/20/2017,90,64,10,0
8/21/2017,88,71,13,0
8/22/2017,80,59,15,M
8/23/2017,78,54,13,0
8/24/2017,79,53,11,0
8/25/2017,77,53,11,0
8/26/2017,80,55,9,0
8/27/2017,82,55,8,0
8/28/2017,82,60,9,0.8
8/29/2017,81,58,8,0
8/30/2017,81,60,8,0
8/31/2017,78,58,16,0
9/1/2017,70,56,18,0
9/2/2017,74,46,10,0
9/3/2017,82,55,9,0
9/4/2017,88,56,21,M
9/5/2017,72,51,16,0
9/6/2017,67,45,15,0
9/7/2017,71,43,13,0
9/8/2017,80,46,10,0
9/9/2017,79,53,11,0
9/10/2017,75,47,9,0
9/11/2017,75,50,13,0
9/12/2017,79,58,17,0
9/13/2017,70,63,8,M
9/14/2017,80,61,6,M
9/15/2017,88,57,14,0
9/16/2017,88,60,9,0
9/17/2017,90,65,16,0
9/18/2017,86,68,9,0.56
9/19/2017,82,66,6,M
9/20/2017,94,63,16,0
9/21/2017,92,71,9,0
9/22/2017,94,67,9,0
9/23/2017,94,67,9,0
9/24/2017,93,63,9,0
9/25/2017,91,63,9,0
9/26/2017,92,66,15,0
9/27/2017,75,57,14,M
9/28/2017,74,49,10,0
9/29/2017,79,46,15,0
9/30/2017,73,48,10,0
10/1/2017,77,44,14,0
10/2/2017,84,62,16,0
10/3/2017,78,65,21,M
10/4/2017,76,67,13,M
10/5/2017,73,62,9,M
10/6/2017,72,66,14,M
10/7/2017,84,57,33,0.19
10/8/2017,80,51,14,M
10/9/2017,83,57,9,M
10/10/2017,79,58,21,M
10/11/2017,59,55,18,M
10/12/2017,63,49,10,M
10/13/2017,79,51,17,0
10/14/2017,86,62,22,0
10/15/2017,74,49,21,0.08
10/16/2017,65,39,14,0
10/17/2017,70,42,21,0
10/18/2017,73,44,20,0
10/19/2017,80,48,11,0
10/20/2017,81,49,17,0
10/21/2017,78,51,23,0
10/22/2017,72,54,28,M
10/23/2017,M,M,17,M
10/24/2017,48,42,22,M
10/25/2017,M,M,14,0
10/26/2017,66,35,22,0
10/27/2017,50,39,22,0
10/28/2017,40,36,17,M
10/29/2017,49,30,10,0
10/30/2017,50,31,26,M
10/31/2017,43,30,23,0
11/1/2017,55,37,16,M
11/2/2017,66,50,18,M
11/3/2017,56,43,16,M
11/4/2017,61,44,16,M
11/5/2017,72,50,18,M
11/6/2017,49,39,20,0
11/7/2017,49,41,20,0
11/8/2017,50,33,10,0
11/9/2017,53,28,23,0
11/10/2017,37,21,16,0
11/11/2017,45,25,14,0
11/12/2017,42,37,11,0.03
11/13/2017,45,33,10,M
11/14/2017,52,30,20,0
11/15/2017,57,33,21,M
11/16/2017,36,30,15,M
11/17/2017,52,30,22,M
11/18/2017,63,35,30,M
11/19/2017,36,28,20,0
11/20/2017,52,30,26,0
11/21/2017,52,27,23,0
11/22/2017,37,20,10,0
11/23/2017,50,29,16,0
11/24/2017,60,30,24,0
11/25/2017,58,32,21,0
11/26/2017,55,26,11,0
11/27/2017,65,33,21,0
11/28/2017,67,44,29,0
11/29/2017,53,32,16,0
11/30/2017,54,31,18,M
12/1/2017,52,28,9,0
12/2/2017,58,30,14,0
12/3/2017,60,30,16,0
12/4/2017,65,50,34,0.08
12/5/2017,47,27,28,0
12/6/2017,42,26,26,0
12/7/2017,30,15,21,M
12/8/2017,36,15,18,0
12/9/2017,33,18,25,M
12/10/2017,42,18,25,0
12/11/2017,53,19,25,0
12/12/2017,34,20,25,0
12/13/2017,45,23,34,M
12/14/2017,32,20,17,0
12/15/2017,36,18,21,M
12/16/2017,54,30,22,0
12/17/2017,50,36,17,0
12/18/2017,50,37,21,M
12/19/2017,50,35,17,0
12/20/2017,M,M,16,0
12/21/2017,49,26,14,M
12/22/2017,48,36,13,M
12/23/2017,37,24,17,M
12/24/2017,25,17,23,M
12/25/2017,18,8,18,0
12/26/2017,10,-6,16,M
12/27/2017,5,-10,10,0
12/28/2017,18,2,11,0
12/29/2017,18,13,16,M
12/30/2017,17,0,23,M
12/31/2017,2,-5,16,M
1/1/2018,-4,-15,14,0
1/2/2018,7,-15,15,0
1/3/2018,19,-3,18,0
1/4/2018,13,-10,16,0
1/5/2018,8,-10,13,0
1/6/2018,8,-13,13,0
1/7/2018,34,9,21,0.09
1/8/2018,34,28,16,M
1/9/2018,M,M,13,M
1/10/2018,M,M,26,M
1/11/2018,59,19,24,M
1/12/2018,23,15,29,M
1/13/2018,19,7,23,0
1/14/2018,22,3,20,M
1/15/2018,27,-1,23,M
1/16/2018,8,-5,21,M
1/17/2018,16,-4,20,M
1/18/2018,30,12,22,0
1/19/2018,38,20,21,0
1/20/2018,41,28,16,0
1/21/2018,52,38,17,M
1/22/2018,55,37,31,M
1/23/2018,37,29,22,M
1/24/2018,30,23,16,0
1/25/2018,47,26,22,0
1/26/2018,52,34,26,0
1/27/2018,51,30,21,0
1/28/2018,50,29,15,M
1/29/2018,30,17,22,M
1/30/2018,32,13,24,0
1/31/2018,46,30,26,0
2/1/2018,34,11,23,0
2/2/2018,22,5,15,0
2/3/2018,39,23,28,0
2/4/2018,36,3,25,M
2/5/2018,20,-8,13,M
2/6/2018,16,0,13,M
2/7/2018,21,8,15,M
2/8/2018,31,2,16,0
2/9/2018,46,28,21,M
2/10/2018,28,21,18,M
2/11/2018,25,13,18,M
2/12/2018,32,10,14,0
2/13/2018,40,18,15,0
2/14/2018,51,31,16,M
2/15/2018,61,41,20,M
2/16/2018,39,22,21,M
2/17/2018,36,22,21,M
2/18/2018,45,21,20,0
2/19/2018,61,45,33,M
2/20/2018,65,35,31,M
2/21/2018,34,31,20,M
2/22/2018,44,32,22,M
2/23/2018,46,37,18,M
2/24/2018,55,37,33,M
2/25/2018,46,32,37,M
2/26/2018,53,30,16,0
2/27/2018,62,36,22,0
2/28/2018,54,46,11,M
3/1/2018,51,32,29,M
3/2/2018,48,29,11,0
3/3/2018,50,28,14,0
3/4/2018,53,30,18,0
3/5/2018,41,32,24,M
3/6/2018,45,30,21,M
3/7/2018,36,27,22,M
3/8/2018,33,22,17,M
3/9/2018,42,22,9,0
3/10/2018,46,28,15,0
3/11/2018,41,25,20,0
3/12/2018,46,24,20,M
3/13/2018,42,21,22,0
3/14/2018,48,17,22,0
3/15/2018,56,27,17,0
3/16/2018,46,25,21,0.15
3/17/2018,38,30,17,M
3/18/2018,52,25,9,0
3/19/2018,57,36,28,0
3/20/2018,42,29,23,0
3/21/2018,46,27,18,0
3/22/2018,51,23,10,0
3/23/2018,51,31,16,0
3/24/2018,37,30,28,M
3/25/2018,40,23,24,0
3/26/2018,51,28,23,M
3/27/2018,55,40,18,M
3/28/2018,52,40,15,M
3/29/2018,49,39,20,M
3/30/2018,50,33,16,0.01
3/31/2018,54,35,33,0.01
4/1/2018,36,24,15,M
4/2/2018,41,18,17,M
4/3/2018,66,35,32,M
4/4/2018,34,27,32,M
4/5/2018,49,25,16,0
4/6/2018,43,26,23,0
4/7/2018,39,21,16,0
4/8/2018,41,20,9,M
4/9/2018,40,31,9,M
4/10/2018,44,28,11,0
4/11/2018,67,33,22,M
4/12/2018,79,53,29,M
4/13/2018,72,58,31,M
4/14/2018,66,50,21,M
4/15/2018,50,33,24,M
4/16/2018,34,28,28,M
4/17/2018,48,30,18,0
4/18/2018,56,32,33,M
4/19/2018,56,33,20,M
4/20/2018,63,29,13,0
4/21/2018,64,41,17,0
4/22/2018,68,47,22,0
4/23/2018,63,47,17,0.24
4/24/2018,62,47,15,M
4/25/2018,64,42,16,0
4/26/2018,68,37,11,0
4/27/2018,70,42,22,0
4/28/2018,60,36,21,0
4/29/2018,63,31,14,0
4/30/2018,78,35,21,0
5/1/2018,85,50,28,0
5/2/2018,89,63,26,0
5/3/2018,73,63,26,M
5/4/2018,73,55,25,0
5/5/2018,81,53,14,0
5/6/2018,82,55,23,0
5/7/2018,77,50,15,0
5/8/2018,83,50,14,0
5/9/2018,85,54,52,0.51
5/10/2018,81,57,11,0
5/11/2018,87,59,23,0
5/12/2018,77,60,17,0
5/13/2018,87,59,15,0
5/14/2018,93,65,25,0
5/15/2018,78,58,18,M
5/16/2018,83,57,11,M
5/17/2018,85,62,17,0
5/18/2018,76,65,18,0
5/19/2018,85,64,16,M
5/20/2018,80,60,18,0
5/21/2018,77,60,16,0.05
5/22/2018,85,63,16,M
5/23/2018,85,57,10,0
5/24/2018,88,60,11,0
5/25/2018,92,64,24,M
5/26/2018,88,68,15,0.03
5/27/2018,94,68,11,0
5/28/2018,97,68,11,0
5/29/2018,88,71,17,M
5/30/2018,81,72,11,1.17
5/31/2018,90,68,18,M
6/1/2018,89,62,15,0
6/2/2018,85,56,15,M
6/3/2018,82,57,23,0
6/4/2018,78,54,11,0
6/5/2018,87,56,17,0
6/6/2018,83,54,10,0
6/7/2018,91,66,15,0.29
6/8/2018,87,68,17,M
6/9/2018,80,66,13,M
6/10/2018,79,66,20,M
6/11/2018,77,66,14,M
6/12/2018,83,68,15,1
6/13/2018,82,62,15,0
6/14/2018,81,60,10,0
6/15/2018,89,66,9,0.04
6/16/2018,90,70,13,0
6/17/2018,90,73,13,0
6/18/2018,90,74,13,0
6/19/2018,89,71,22,M
6/20/2018,85,70,16,M
6/21/2018,80,65,9,M
6/22/2018,75,64,11,M
6/23/2018,73,64,11,M
6/24/2018,82,61,10,M
6/25/2018,80,64,18,0
6/26/2018,81,68,13,M
6/27/2018,83,66,14,M
6/28/2018,84,65,10,0
6/29/2018,89,68,13,0
6/30/2018,89,73,11,0
7/1/2018,89,72,16,M
7/2/2018,85,70,8,M
7/3/2018,88,70,11,0
7/4/2018,90,72,8,M
7/5/2018,89,71,25,M
7/6/2018,80,61,17,0
7/7/2018,78,57,11,0
7/8/2018,83,58,8,0
7/9/2018,88,65,8,0
7/10/2018,89,70,14,0.19
7/11/2018,84,62,10,0
7/12/2018,84,63,8,0
7/13/2018,86,63,9,0
7/14/2018,81,66,15,M
7/15/2018,82,70,10,M
7/16/2018,87,72,13,M
7/17/2018,84,66,10,0
7/18/2018,79,59,11,0
7/19/2018,82,60,14,0
7/20/2018,81,68,22,0
7/21/2018,79,66,23,0.13
7/22/2018,80,67,18,M
7/23/2018,81,61,15,0
7/24/2018,84,61,13,M
7/25/2018,83,60,13,0
7/26/2018,79,59,13,0
7/27/2018,76,56,13,0
7/28/2018,78,56,8,0
7/29/2018,67,59,8,M
7/30/2018,75,63,10,M
7/31/2018,75,59,10,M
8/1/2018,80,57,7,M
8/2/2018,84,62,14,0
8/3/2018,87,64,8,M
8/4/2018,87,68,10,0
8/5/2018,89,70,11,0
8/6/2018,88,71,11,0
8/7/2018,78,68,18,M
8/8/2018,83,65,11,M
8/9/2018,86,62,9,M
8/10/2018,87,68,9,0
8/11/2018,85,65,9,M
8/12/2018,87,62,8,0
8/13/2018,86,64,7,0
8/14/2018,85,60,7,0
8/15/2018,77,70,11,M
8/16/2018,85,70,8,M
8/17/2018,82,69,13,M
8/18/2018,83,65,11,M
8/19/2018,85,66,7,M
8/20/2018,84,69,14,M
8/21/2018,75,65,18,M
8/22/2018,76,58,14,0
8/23/2018,79,54,9,0
8/24/2018,70,58,18,M
8/25/2018,87,64,14,M
8/26/2018,91,74,11,0
8/27/2018,92,72,17,0
8/28/2018,92,73,16,0
8/29/2018,79,65,11,M
8/30/2018,80,62,11,0
8/31/2018,89,60,13,0
9/1/2018,88,69,14,0
9/2/2018,92,70,15,0
9/3/2018,94,70,13,0
9/4/2018,94,69,14,0
9/5/2018,95,72,13,0
9/6/2018,82,70,17,M
9/7/2018,72,65,17,M
9/8/2018,65,60,18,0.58
9/9/2018,70,57,18,M
9/10/2018,80,56,10,0
9/11/2018,81,56,8,0
9/12/2018,83,54,8,0
9/13/2018,84,57,7,0
9/14/2018,90,62,8,0
9/15/2018,90,66,13,0
9/16/2018,92,68,13,0
9/17/2018,94,65,8,0
9/18/2018,92,64,13,0
9/19/2018,94,67,13,0
9/20/2018,93,69,20,0.07
9/21/2018,82,60,18,M
9/22/2018,68,50,13,0
9/23/2018,79,50,13,0
9/24/2018,76,59,13,M
9/25/2018,84,64,15,M
9/26/2018,69,52,16,0.03
9/27/2018,69,47,11,0
9/28/2018,76,48,21,0
9/29/2018,59,46,11,0
9/30/2018,84,54,15,0
10/1/2018,85,56,17,0
10/2/2018,82,65,11,M
10/3/2018,89,66,30,0
10/4/2018,78,52,20,M
10/5/2018,83,54,13,M
10/6/2018,87,60,25,M
10/7/2018,85,59,14,M
10/8/2018,88,64,24,0
10/9/2018,87,69,22,0
10/10/2018,73,52,24,M
10/11/2018,55,36,24,0
10/12/2018,42,31,11,M
10/13/2018,51,34,11,M
10/14/2018,59,42,10,M
10/15/2018,49,31,20,M
10/16/2018,58,26,18,0
10/17/2018,54,35,23,0
10/18/2018,59,29,10,0
10/19/2018,57,37,21,M
10/20/2018,60,25,37,0
10/21/2018,53,22,15,0
10/22/2018,68,34,16,0
10/23/2018,58,35,17,0
10/24/2018,55,33,15,0
10/25/2018,57,38,15,0
10/26/2018,48,44,16,M
10/27/2018,58,38,13,M
10/28/2018,60,38,37,0.02
10/29/2018,62,34,13,0
10/30/2018,75,43,23,0
10/31/2018,65,50,18,M
11/1/2018,48,42,22,M
11/2/2018,49,34,8,0
11/3/2018,54,35,15,M
11/4/2018,54,46,28,M
11/5/2018,54,43,21,M
11/6/2018,54,37,29,0
11/7/2018,45,28,20,0
11/8/2018,43,31,11,0.06
11/9/2018,34,21,26,M
11/10/2018,32,18,22,0
11/11/2018,43,24,16,0
11/12/2018,38,27,18,M
11/13/2018,26,15,20,0
11/14/2018,31,13,15,0.01
11/15/2018,32,21,14,M
11/16/2018,37,23,17,M
11/17/2018,38,32,14,M
11/18/2018,39,35,14,M
11/19/2018,38,33,15,M
11/20/2018,36,25,17,M
11/21/2018,43,27,14,0
11/22/2018,52,27,14,0
11/23/2018,50,33,22,M
11/24/2018,56,40,22,0.08
11/25/2018,54,40,22,M
11/26/2018,40,23,38,M
11/27/2018,23,15,20,M
11/28/2018,29,13,17,0
11/29/2018,42,25,11,M
11/30/2018,48,28,17,M
12/1/2018,58,39,29,M
12/2/2018,49,36,25,M
12/3/2018,36,31,16,M
12/4/2018,31,28,13,M
12/5/2018,33,25,16,M
12/6/2018,34,14,15,M
12/7/2018,26,6,9,M
12/8/2018,26,12,14,0
12/9/2018,33,15,14,0
12/10/2018,25,10,10,M
12/11/2018,39,19,18,0
12/12/2018,44,26,21,0
12/13/2018,44,27,10,0.27
12/14/2018,45,37,22,M
12/15/2018,43,33,21,0
12/16/2018,51,26,13,0
12/17/2018,42,27,14,0
12/18/2018,44,24,13,M
12/19/2018,50,33,16,M
12/20/2018,50,38,21,M
12/21/2018,38,30,22,M
12/22/2018,43,29,18,0
12/23/2018,40,27,15,M
12/24/2018,41,20,8,0
12/25/2018,47,30,16,0
12/26/2018,45,24,15,0
12/27/2018,54,39,33,M
12/28/2018,51,28,23,M
12/29/2018,28,23,16,M
12/30/2018,36,18,21,M
12/31/2018,M,M,M,M
1/1/2019,37,32,14,0.02
1/2/2019,32,28,17,0
1/3/2019,38,26,14,0
1/4/2019,39,25,11,0
1/5/2019,51,30,14,0
1/6/2019,47,32,18,0
1/7/2019,57,45,30,0.07
1/8/2019,50,32,33,0
1/9/2019,30,18,30,0
1/10/2019,29,16,10,0
1/11/2019,30,16,14,0
1/12/2019,31,29,20,0.37
1/13/2019,28,10,23,0
1/14/2019,26,2,8,0
1/15/2019,32,26,20,0
1/16/2019,33,31,13,0
1/17/2019,35,30,13,0.26
1/18/2019,33,30,20,0
1/19/2019,33,17,32,0.23
1/20/2019,14,2,24,0
1/21/2019,19,3,22,0
1/22/2019,37,18,25,0.53
1/23/2019,39,20,25,0.56
1/24/2019,24,7,25,0
1/25/2019,23,1,24,0
1/26/2019,29,-3,22,0.01
1/27/2019,21,2,18,0
1/28/2019,36,10,32,0.12
1/29/2019,15,0,33,0
1/30/2019,-1,-16,30,0
1/31/2019,13,-8,15,0
2/1/2019,27,14,13,0
2/2/2019,44,19,17,0
2/3/2019,54,37,16,0
2/4/2019,55,31,21,0.01
2/5/2019,35,26,16,0.06
2/6/2019,38,34,11,0.4
2/7/2019,53,15,33,0.24
2/8/2019,19,11,30,0
2/9/2019,26,8,13,0
2/10/2019,32,20,14,0.06
2/11/2019,34,31,21,0.37
2/12/2019,36,23,33,0.13
2/13/2019,36,18,28,0
2/14/2019,49,31,24,0
2/15/2019,28,16,28,0
2/16/2019,33,15,17,0
2/17/2019,31,25,18,0.02
2/18/2019,29,20,15,0
2/19/2019,34,20,18,0
2/20/2019,39,31,18,0.07
2/21/2019,38,29,14,0
2/22/2019,41,28,16,0
2/23/2019,53,35,22,0.19
2/24/2019,49,20,41,0
2/25/2019,30,15,28,0
2/26/2019,39,24,20,0
2/27/2019,35,21,17,0
2/28/2019,31,18,14,0
3/1/2019,41,23,10,0
3/2/2019,34,29,15,0
3/3/2019,29,5,22,0.01
3/4/2019,11,-3,18,0
3/5/2019,20,4,22,0
3/6/2019,28,4,18,0
3/7/2019,29,21,13,0.05
3/8/2019,39,28,11,M
3/9/2019,49,33,34,0.99
3/10/2019,42,31,30,0
3/11/2019,46,28,11,0
3/12/2019,48,26,16,0
3/13/2019,61,41,22,0.64
3/14/2019,68,42,40,0.1
3/15/2019,43,31,25,0.01
3/16/2019,45,27,16,0
3/17/2019,46,29,20,0
3/18/2019,47,24,13,0
3/19/2019,52,27,14,0
3/20/2019,50,36,18,0.14
3/21/2019,45,33,22,0
3/22/2019,52,30,21,0
3/23/2019,54,24,10,0
3/24/2019,54,42,15,0.22
3/25/2019,51,31,22,0.07
3/26/2019,49,28,16,0
3/27/2019,59,25,18,0.08
3/28/2019,65,45,23,0.74
3/29/2019,56,50,15,0.25
3/30/2019,56,32,22,0.95
3/31/2019,38,26,21,0
4/1/2019,47,26,18,0
4/2/2019,57,33,22,0
4/3/2019,57,32,11,0
4/4/2019,59,46,25,0.1
4/5/2019,58,46,13,0.01
4/6/2019,70,42,14,0
4/7/2019,73,50,21,0.59
4/8/2019,73,51,10,0
4/9/2019,69,49,16,0
4/10/2019,60,42,26,0.37
4/11/2019,77,45,32,0.2
4/12/2019,57,38,31,0.27
4/13/2019,55,34,16,0.09
4/14/2019,41,34,31,0.66
4/15/2019,55,31,15,0
4/16/2019,77,46,21,0
4/17/2019,78,52,34,0
4/18/2019,63,44,25,0.8
4/19/2019,51,40,32,0.03
4/20/2019,66,39,29,0
4/21/2019,76,36,16,0
4/22/2019,80,53,26,0
4/23/2019,61,48,15,0
4/24/2019,58,47,20,0
4/25/2019,57,52,25,0.39
4/26/2019,65,44,29,0.05
4/27/2019,54,37,24,0.23
4/28/2019,57,37,18,0.05
4/29/2019,63,47,20,0.06
4/30/2019,65,51,22,0.49
5/1/2019,72,58,30,0.05
5/2/2019,66,50,17,0.28
5/3/2019,58,48,17,0
5/4/2019,63,47,14,0.04
5/5/2019,72,43,9,0
5/6/2019,78,49,21,0
5/7/2019,74,50,21,0
5/8/2019,85,52,25,0.15
5/9/2019,67,47,18,1.32
5/10/2019,60,46,13,0
5/11/2019,52,41,16,0.22
5/12/2019,49,44,13,0.04
5/13/2019,64,43,13,0
5/14/2019,68,42,11,0
5/15/2019,75,56,10,0.02
5/16/2019,83,56,26,0
5/17/2019,82,64,17,0
5/18/2019,87,61,26,0
5/19/2019,77,57,26,0.22
5/20/2019,61,49,17,0
5/21/2019,60,46,29,0.74
5/22/2019,80,57,22,0.18
5/23/2019,79,64,38,0.44
5/24/2019,88,63,22,0
5/25/2019,85,70,22,0
5/26/2019,78,65,21,0.76
5/27/2019,84,61,22,0
5/28/2019,84,61,21,0.03
5/29/2019,81,61,16,0.25
5/30/2019,80,62,17,0.03
5/31/2019,80,61,11,0
6/1/2019,86,62,17,0
6/2/2019,78,56,16,0
6/3/2019,80,52,10,0
6/4/2019,85,63,21,0
6/5/2019,90,69,25,0
6/6/2019,89,64,14,0
6/7/2019,87,67,22,0
6/8/2019,83,65,20,0.04
6/9/2019,82,67,11,0
6/10/2019,80,57,26,0
6/11/2019,84,53,M,0
6/12/2019,76,57,16,0.61
6/13/2019,69,50,26,0
6/14/2019,78,47,21,0.09
6/15/2019,73,62,23,1.1
6/16/2019,82,65,13,0.06
6/17/2019,73,61,10,0
6/18/2019,81,63,8,0
6/19/2019,80,63,14,0.64
6/20/2019,75,59,21,0
6/21/2019,76,57,21,0.36
6/22/2019,80,65,21,0.19
6/23/2019,82,68,21,0
6/24/2019,81,64,20,0.03
6/25/2019,85,62,23,0
6/26/2019,90,65,15,0
6/27/2019,90,67,13,0
6/28/2019,91,67,17,0
6/29/2019,92,70,14,0
6/30/2019,94,70,23,0.53
7/1/2019,91,70,14,0
7/2/2019,92,72,18,0
7/3/2019,90,70,21,0.23
7/4/2019,90,67,11,0
7/5/2019,84,71,13,1.34
7/6/2019,90,70,13,0.74
7/7/2019,83,66,14,0
7/8/2019,85,67,10,0
7/9/2019,88,64,13,0
7/10/2019,93,73,11,0.05
7/11/2019,85,66,11,0
7/12/2019,84,61,7,0
7/13/2019,89,64,9,0
7/14/2019,90,69,10,1.08
7/15/2019,85,68,17,0.01
7/16/2019,83,72,17,0.08
7/17/2019,89,72,8,0
7/18/2019,91,72,16,0
7/19/2019,92,78,17,0
7/20/2019,92,76,16,0
7/21/2019,89,71,16,0.03
7/22/2019,80,56,15,0
7/23/2019,81,54,15,0
7/24/2019,82,57,8,M
7/25/2019,82,55,9,M
7/26/2019,84,61,11,M
7/27/2019,85,64,16,0
7/28/2019,87,66,16,M
7/29/2019,81,68,10,0.27
7/30/2019,83,63,10,0
7/31/2019,80,61,9,0
8/1/2019,82,56,13,0
8/2/2019,85,65,10,0
8/3/2019,85,60,9,0
8/4/2019,87,57,6,0
8/5/2019,88,64,8,0
8/6/2019,85,66,10,0
8/7/2019,85,60,10,0
8/8/2019,88,62,13,0.3
8/9/2019,82,59,9,0
8/10/2019,82,56,6,0
8/11/2019,78,60,10,0.11
8/12/2019,82,71,11,0.2
8/13/2019,84,68,13,0
8/14/2019,83,64,13,0
8/15/2019,80,60,9,0
8/16/2019,80,63,16,0
8/17/2019,78,68,10,0.12
8/18/2019,85,70,13,0.45
8/19/2019,88,68,6,M
8/20/2019,79,67,14,0.33
8/21/2019,84,64,14,0.1
8/22/2019,82,65,10,0.02
8/23/2019,78,60,13,0
8/24/2019,76,55,14,0
8/25/2019,78,56,11,0.13
8/26/2019,80,67,16,0.19
8/27/2019,81,60,10,0
8/28/2019,77,53,15,0
8/29/2019,79,53,14,0
8/30/2019,77,65,14,0
8/31/2019,75,61,13,M
9/1/2019,78,63,8,0.54
9/2/2019,80,58,6,0
9/3/2019,85,60,18,0
9/4/2019,77,60,9,0
9/5/2019,75,53,7,0
9/6/2019,78,58,15,0
9/7/2019,77,52,7,0
9/8/2019,74,63,9,0.14
9/9/2019,84,62,10,0
9/10/2019,88,68,14,0
9/11/2019,87,71,15,0
9/12/2019,89,67,11,0
9/13/2019,83,56,16,0.05
9/14/2019,82,51,9,0
9/15/2019,82,61,14,0.15
9/16/2019,88,62,10,0
9/17/2019,84,63,11,0
9/18/2019,86,60,8,0
9/19/2019,87,59,7,M
9/20/2019,89,63,9,0
9/21/2019,83,68,20,0
9/22/2019,83,69,22,0.5
9/23/2019,76,53,11,0.35
9/24/2019,78,52,13,0
9/25/2019,80,58,13,0.04
9/26/2019,74,51,8,0
9/27/2019,89,51,23,0.07
9/28/2019,85,65,15,0.12
9/29/2019,85,67,9,1.09
9/30/2019,90,67,17,0
10/1/2019,92,68,16,0
10/2/2019,86,68,16,0
10/3/2019,71,51,15,0.04
10/4/2019,67,46,11,0
10/5/2019,74,46,11,0.06
10/6/2019,70,54,13,0
10/7/2019,73,45,8,0
10/8/2019,74,42,7,0
10/9/2019,76,44,10,0
10/10/2019,75,53,17,0
10/11/2019,67,35,18,0.57
10/12/2019,56,32,23,0
10/13/2019,66,37,21,0
10/14/2019,62,33,13,0
10/15/2019,66,38,18,0
10/16/2019,52,38,17,0
10/17/2019,58,36,8,0
10/18/2019,63,36,11,0
10/19/2019,71,39,14,0
10/20/2019,67,50,8,0
10/21/2019,67,50,24,0.31
10/22/2019,57,38,24,0
10/23/2019,69,35,22,M
10/24/2019,56,44,15,M
10/25/2019,55,45,9,M
10/26/2019,54,44,28,0.9
10/27/2019,63,43,23,M
10/28/2019,53,41,11,0.03
10/29/2019,51,38,14,0.34
10/30/2019,43,38,18,0.7
10/31/2019,40,23,25,0.39
11/1/2019,47,23,21,M
11/2/2019,46,28,21,0
11/3/2019,55,27,25,0
11/4/2019,53,41,16,M
11/5/2019,48,30,15,0
11/6/2019,53,35,21,M
11/7/2019,39,19,20,0
11/8/2019,32,14,10,0
11/9/2019,51,27,21,0
11/10/2019,58,32,17,0
11/11/2019,40,11,28,0
11/12/2019,16,0,17,0
11/13/2019,28,9,21,0
11/14/2019,34,20,11,0
11/15/2019,42,13,8,0
11/16/2019,43,27,14,0
11/17/2019,45,25,9,0.07
11/18/2019,40,32,13,0
11/19/2019,41,30,14,0.03
11/20/2019,51,27,15,0
11/21/2019,57,40,26,M
11/22/2019,40,28,21,0
11/23/2019,39,28,17,M
11/24/2019,52,31,14,0
11/25/2019,58,34,18,0
11/26/2019,55,32,28,0.28
11/27/2019,55,33,39,M
11/28/2019,36,33,16,0
11/29/2019,40,34,14,0.18
11/30/2019,49,37,21,0.51
12/1/2019,42,32,22,0.02
12/2/2019,33,30,22,0
12/3/2019,38,29,20,0
12/4/2019,47,29,22,0
12/5/2019,53,21,13,0
12/6/2019,42,24,21,0
12/7/2019,43,19,11,0
12/8/2019,51,29,24,0
12/9/2019,50,22,29,M
12/10/2019,26,15,25,0
12/11/2019,32,14,11,0
12/12/2019,43,21,25,0
12/13/2019,45,30,11,0
12/14/2019,34,25,17,0
12/15/2019,25,15,13,M
12/16/2019,30,26,18,M
12/17/2019,28,14,21,0
12/18/2019,24,6,20,0
12/19/2019,32,8,24,0
12/20/2019,37,15,10,0
12/21/2019,41,24,10,0
12/22/2019,47,25,10,0
12/23/2019,53,28,10,0
12/24/2019,53,30,15,0
12/25/2019,61,38,16,0
12/26/2019,62,46,18,0
12/27/2019,43,32,15,0
12/28/2019,56,32,23,0.23
12/29/2019,59,41,23,0.22
12/30/2019,38,31,26,0.01
12/31/2019,33,30,29,0
