,DWPC,HGHT,PRES,TMPC,UWND,VWND
2012-10-22 12:00:00,"[14.936875, 13.200416666666666, -6.754295302013426, -17.082063037249284, -52.9111320754717, -77.47945736434109]","[795.9606249999999, 1518.2235416666667, 3139.2224832214765, 5806.933266475645, 10732.744716981131, 16426.662325581397]","[925.0, 850.0, 700.0, 500.0, 250.0, 100.0]","[18.290000000000003, 15.112916666666665, 6.905771812080536, -12.706704871060174, -48.3222641509434, -68.48093023255814]","[13.91989552457599, 8.10245902617468, 17.15469979680089, 27.854722583552917, 46.260266191343085, 32.462862265368074]","[23.882605979049153, 13.860489988783241, 16.295899407809593, 16.881930865990395, -14.56524161701805, -3.137299564796404]"
2012-10-22 15:00:00,"[15.102968749999997, 11.039528795811519, -0.43797979797980063, -16.58142857142857, -52.045530303030304, -77.47945736434109]","[788.7879687499997, 1512.1604188481676, 3135.3420202020206, 5794.236, 10736.321666666667, 16424.81410852713]","[925.0, 850.0, 700.0, 500.0, 250.0, 100.0]","[18.055625000000003, 16.144712041884816, 6.295555555555554, -13.511428571428572, -47.889545454545456, -70.91968992248061]","[15.04162000844529, 10.709389297614289, 22.879769038674816, 28.975815862099434, 30.848200471245065, 35.83809305786166]","[27.781398561312834, 22.922103394455647, 22.001928105096507, 15.437123992717144, 1.9916074486439297, -6.81291642162912]"
2012-10-22 18:00:00,"[14.8746875, 11.25523560209424, -0.814040404040403, -16.15674285714286, -51.78984905660377, -77.47945736434109]","[788.6474999999998, 1512.4126178010474, 3136.3777777777777, 5794.7884, 10746.731018867924, 16435.64953488372]","[925.0, 850.0, 700.0, 500.0, 250.0, 100.0]","[16.09625, 16.337382198952877, 6.169292929292931, -13.193142857142858, -47.44603773584905, -69.03751937984497]","[12.002397073090043, 24.513946874290372, 30.95730816257576, 35.75463043629934, 32.38957978006348, 34.321417223564325]","[27.487929164522118, 24.04619110024741, 22.49371885363665, 3.3777929216599585, 9.960903295374184, -3.0244472471105275]"
2012-10-22 21:00:00,"[15.294374999999999, 10.982094240837696, -1.7398648648648676, -26.570689655172412, -51.89113636363636, -77.47945736434109]","[779.6293750000004, 1501.1874869109947, 3126.455844594595, 5786.373448275862, 10737.089431818182, 16436.127054263565]","[925.0, 850.0, 700.0, 500.0, 250.0, 100.0]","[17.122812499999995, 16.70282722513089, 5.938310810810809, -11.91, -47.47477272727273, -67.73906976744186]","[10.127101547669799, 25.23627242622308, 35.26233633195155, 38.95145475953559, 35.658547968336386, 34.25879507799018]","[26.438016014929797, 21.98626814964427, 7.6306470077646065, 1.9625020352411153, 17.704230443722174, -3.805055951809855]"
2012-10-23 00:00:00,"[13.241875, 12.711989528795812, -4.251616161616161, -27.79275071633238, -53.546830188679245, -77.47945736434109]","[788.3499999999996, 1507.0976963350788, 3132.017474747475, 5790.445902578796, 10726.811584905661, 16444.35449612403]","[925.0, 850.0, 700.0, 500.0, 250.0, 100.0]","[17.64859375, 14.124816753926702, 6.452121212121213, -11.78034383954155, -48.89471698113207, -67.87317829457365]","[23.233594622935925, 29.153071580089584, 27.166081901882382, 41.71251918947718, 67.18983139919976, 32.11912085827069]","[28.097694024892284, 20.629209378183194, 3.3866325532350867, 3.125555567438349, -14.542242338231901, -2.586561203624585]"
2012-10-23 03:00:00,"[13.451653543307085, 13.028429319371726, -2.964747474747473, -16.282578796561605, -52.75664150943396, -77.47945736434109]","[786.7292125984249, 1506.6468062827228, 3131.206868686869, 5796.472979942693, 10736.295509433961, 16444.74062015504]","[925.0, 850.0, 700.0, 500.0, 250.0, 100.0]","[17.758110236220475, 13.452565445026176, 6.452121212121213, -11.520458452722066, -48.546037735849055, -68.87472868217054]","[25.980627584418933, 28.978035338664416, 26.21114051246122, 39.86449530179357, 54.95462490383363, 34.716700418319476]","[22.1021370455319, 12.957385678619797, 7.669991176200477, 6.259607982759708, -4.940579655630493, 2.592082144229663]"
2012-10-23 06:00:00,"[12.915937499999997, 12.930104166666668, -1.3209090909090933, -14.480773638968481, -53.555643939393946, -77.47945736434109]","[788.7915624999996, 1508.2190624999998, 3128.7429292929296, 5791.244957020057, 10734.421969696969, 16439.427674418606]","[925.0, 850.0, 700.0, 500.0, 250.0, 100.0]","[17.5415625, 13.648333333333333, 5.627878787878785, -12.323896848137537, -48.888030303030305, -68.33286821705427]","[25.40298779297006, 22.668981665314053, 19.895396172561746, 33.150582514572775, 54.81722291075351, 33.05306451110988]","[19.877463503446293, 8.02430724482753, 9.813503950420191, 17.740750769051488, 6.417133179973136, 7.0809114990591]"
2012-10-23 09:00:00,"[14.286562500000002, 12.675863874345552, 2.2659259259259286, -14.14467048710602, -53.54121212121212, -77.47945736434109]","[781.2700000000003, 1500.2068062827223, 3114.5528956228954, 5774.798481375359, 10720.397424242425, 16430.09147286822]","[925.0, 850.0, 700.0, 500.0, 250.0, 100.0]","[16.411875000000002, 13.702303664921466, 4.872659932659936, -12.591518624641836, -49.19181818181818, -68.67782945736434]","[18.813918387425325, 12.292119031990689, 12.130236855645991, 28.370079730779494, 43.60021411032793, 35.43208135709223]","[19.20082494131239, 10.497781562938611, 17.238943383735723, 27.762891493372255, 20.24218934635188, 4.644532970832388]"
2012-10-23 12:00:00,"[12.332890625, 12.46937172774869, -0.46619528619528194, -13.655845272206305, -54.42412878787879, nan]","[786.4664843749998, 1503.479371727749, 3114.8755555555554, 5765.453381088825, 10711.474204545455, 16422.82465116279]","[925.0, 850.0, 700.0, 500.0, 250.0, 100.0]","[16.16578125, 13.127958115183244, 4.809023569023571, -12.288080229226363, -49.71340909090909, -68.62279069767442]","[19.552892163005218, 17.339722887883312, 21.022924011677894, 30.762627657143756, 26.12415463603186, 37.35726761288663]","[20.563248799331955, 14.642992696429367, 18.809494260692837, 18.16874302843097, 16.44956982204924, 5.940645386680056]"
2012-10-23 15:00:00,"[7.706250000000002, 10.825602094240839, -0.6817845117845126, -13.909342857142855, -56.4675, nan]","[784.2087500000001, 1502.7060209424078, 3112.0450505050508, 5765.510742857142, 10708.868674242425, 16421.39465116279]","[925.0, 850.0, 700.0, 500.0, 250.0, 100.0]","[17.4775, 13.395497382198956, 4.169966329966329, -12.30685714285714, -47.174772727272725, -68.64217054263565]","[21.465569607714198, 21.869914709755736, 24.24539190764836, 24.650524775459175, 25.469174527490566, 34.608646186727746]","[24.31580857007179, 15.896049832727762, 18.838051640526576, 8.583586936099364, -2.3061795335956967, 4.96151793674186]"
2012-10-23 18:00:00,"[11.57984375, 10.460523560209422, 0.5054545454545448, -13.807765042979943, -58.572575757575756, nan]","[782.8112500000001, 1500.2491099476442, 3112.289090909091, 5768.4408022922635, 10714.971818181819, 16421.28449612403]","[925.0, 850.0, 700.0, 500.0, 250.0, 100.0]","[15.5775, 13.878219895287957, 4.403636363636363, -11.272607449856734, -48.29484848484848, -67.62124031007751]","[12.415404534259286, 19.71451629816398, 25.987815741150143, 22.417027426566662, 35.114982816564016, 31.12696461979467]","[19.103102235404563, 18.57880264531536, 11.858272487696446, -4.877380799359373, -0.20921471288337318, 6.159497504782284]"
2012-10-23 21:00:00,"[13.664869565217392, 11.676387434554972, -0.6422972972972953, -24.108395415472778, -60.826136363636365, nan]","[775.340869565217, 1493.9272251308903, 3109.9257770270265, 5773.804011461319, 10710.37625, 16411.33054263566]","[925.0, 850.0, 700.0, 500.0, 250.0, 100.0]","[16.759130434782612, 14.342617801047119, 5.410945945945947, -10.714441260744985, -48.80090909090909, -66.1584496124031]","[9.11301774896771, 21.17953668925394, 21.750222123343857, 22.182891070066837, 32.17837051369907, 30.756484792188118]","[18.835057887466174, 11.764713992839951, 0.6316431667755628, -10.8758437094475, 1.439851964147633, 8.827206631873407]"
2012-10-24 00:00:00,"[14.18125, 10.942094240837696, -0.33370370370370406, -27.903180515759317, -58.85333333333333, nan]","[782.2243749999996, 1504.2332460732985, 3122.151851851852, 5789.082808022923, 10719.784393939393, 16414.222480620156]","[925.0, 850.0, 700.0, 500.0, 250.0, 100.0]","[17.00875, 15.659895287958115, 5.228888888888888, -10.554842406876793, -50.06909090909091, -65.72124031007752]","[14.708372947724571, 20.15532242770896, 15.888888888888888, 21.189157026400984, 22.836379766773234, 31.75104181347394]","[23.04201226657828, 10.917205788155542, 9.729138459892862e-16, -5.85726605857679, -4.287902410455996, 5.559594976069681]"
2012-10-24 03:00:00,"[13.3675, 9.142251308900526, -3.366599326599327, -32.31621776504297, -58.58003787878788, nan]","[788.6312500000001, 1510.7928795811515, 3131.605488215488, 5798.243295128939, 10722.419924242426, 16418.163565891475]","[925.0, 850.0, 700.0, 500.0, 250.0, 100.0]","[17.652499999999996, 16.195497382198955, 5.544040404040403, -10.565730659025785, -50.789545454545454, -65.53906976744186]","[19.62401667660305, 18.0651881825347, 11.921034225852042, 19.959000692023704, 21.414376092233468, 29.724994054518564]","[24.44992527675505, 14.058514264269204, 5.101825803431539, -2.92114341603021, -0.1422399711653222, 0.3296318629067731]"
2012-10-24 06:00:00,"[13.22484375, 11.896492146596858, -4.710707070707074, -30.782285714285713, -58.33386363636364, nan]","[789.7326562499996, 1511.654554973822, 3132.3288888888897, 5800.219142857143, 10716.161250000001, 16413.24992248062]","[925.0, 850.0, 700.0, 500.0, 250.0, 100.0]","[17.7978125, 15.344712041884817, 5.427878787878785, -10.56, -50.54181818181818, -65.83596899224806]","[22.368281667615836, 20.992071905719893, 12.457503963767643, 21.601190514181525, 25.5436421612763, 30.53305027612941]","[20.45907967818299, 12.05130496757837, 8.301841230221978, -1.0650046865057186, -1.4720408069019555, 3.8523528947409327]"
2012-10-24 09:00:00,"[13.88625, 12.644345549738222, -6.319158249158248, -27.96194285714286, -58.859204545454546, nan]","[791.11296875, 1512.6830890052352, 3132.0487878787876, 5801.225742857143, 10714.061856060607, 16402.062868217054]","[925.0, 850.0, 700.0, 500.0, 250.0, 100.0]","[17.89078125, 14.63214659685864, 5.396228956228957, -10.919428571428574, -50.714924242424246, -66.37782945736434]","[21.64342868719391, 20.930550560658563, 17.57426254773529, 22.175398103241385, 27.896086612085604, 31.043203707622308]","[16.073233439287996, 9.976975434479924, 10.773968864691502, -2.4001917123054137, -1.041721570488754, 2.4661442320606994]"
2012-10-24 12:00:00,"[13.7525, 12.535625, -9.677181208053694, -27.84220630372493, -59.17607547169811, -77.47945736434109]","[793.5887499999999, 1514.1791666666668, 3133.5860402684566, 5805.9829226361035, 10716.067849056604, 16395.787984496124]","[925.0, 850.0, 700.0, 500.0, 250.0, 100.0]","[17.94625, 14.3025, 6.135302013422818, -11.239369627507164, -50.8211320754717, -66.43906976744186]","[17.721656746775178, 19.586477694630744, 20.177699085884232, 22.401236182201174, 28.6493314556386, 27.99300551019632]","[16.74206700321388, 13.131092574960272, 8.39450709030377, -2.4912866276353185, -5.48095471327314, 1.4396327677982677]"
2012-10-24 15:00:00,"[13.340859374999999, 11.4353125, -11.925436241610736, -29.525457142857142, -57.276415094339626, -77.47945736434109]","[804.6663281250001, 1525.4040625, 3146.755906040268, 5820.877114285714, 10731.35562264151, 16410.821317829457]","[925.0, 850.0, 700.0, 500.0, 250.0, 100.0]","[17.930625, 14.681666666666667, 7.3332885906040275, -11.384571428571428, -50.81471698113208, -67.73441860465115]","[16.83698347690208, 17.88121120155261, 19.149712676035406, 21.729531956107643, 28.6985640901552, 28.294887955286814]","[18.66647765616812, 16.29800684507629, 5.735092645395508, 0.089016331491797, -3.485681142511884, 1.0618690263500674]"
2012-10-24 18:00:00,"[13.03046875, 10.957812500000001, -11.414444444444449, -30.7656446991404, -57.25931818181819, -77.47945736434109]","[792.9359374999997, 1514.8185416666665, 3139.9289898989905, 5815.572865329513, 10727.440265151516, 16416.56410852713]","[925.0, 850.0, 700.0, 500.0, 250.0, 100.0]","[17.024375, 15.248333333333335, 8.047070707070706, -11.323896848137537, -50.91643939393939, -67.19720930232558]","[10.333839258873427, 18.591109001380723, 18.837371821584597, 22.82060259040674, 29.281253190124808, 22.37314153140934]","[19.20343739028068, 19.368153328709624, 5.740466180968933, 2.684831103177229, -3.5664627469141226, -4.112153917125843]"
2012-10-24 21:00:00,"[13.7503125, 9.368324607329845, -11.45131313131313, -31.09704871060172, -56.582878787878784, -77.47945736434109]","[784.2779687500002, 1507.4820942408376, 3135.157407407407, 5812.791146131805, 10724.426666666666, 16418.87023255814]","[925.0, 850.0, 700.0, 500.0, 250.0, 100.0]","[17.893125, 16.109633507853403, 8.398249158249158, -11.533638968481375, -50.74333333333333, -67.83906976744186]","[6.895313082840958, 19.279359234318218, 17.169855832168775, 24.60845360196816, 27.442389540401134, 24.545289199292117]","[20.047640948182874, 20.012283039748024, 6.920868609320533, 1.027947928260586, -2.7577322174609353, -13.891046103517661]"
2012-10-25 00:00:00,"[13.6496875, 7.286649214659685, -11.495151515151512, -29.010114285714288, -58.57449056603773, nan]","[790.4673437499998, 1514.255026178011, 3142.9872727272723, 5820.703028571428, 10732.976226415094, 16433.34147286822]","[925.0, 850.0, 700.0, 500.0, 250.0, 100.0]","[18.1634375, 16.90701570680628, 8.266262626262627, -11.851428571428572, -49.92830188679245, -68.52279069767442]","[10.937918312291176, 18.53763630917506, 16.00317375473401, 22.203419500958987, 26.36077489718039, 26.896611875266352]","[27.305921705841744, 20.05294615849198, 10.925267497134557, 2.190389897811397, 2.6891546353575153, -6.777436847465998]"
2012-10-25 03:00:00,"[13.678515625, 4.962984293193715, -9.940303030303031, -25.7102005730659, -54.42412878787879, -77.47945736434109]","[789.7628125, 1513.0647643979062, 3141.5065993265994, 5818.795787965615, 10733.972878787878, 16443.566976744187]","[925.0, 850.0, 700.0, 500.0, 250.0, 100.0]","[18.25796875, 17.201256544502616, 7.909360269360269, -12.108424068767905, -49.76416666666667, -68.90031007751938]","[14.77495255908887, 17.544370996052727, 14.403668680377617, 21.550924637443583, 31.494949755508117, 27.336715901195834]","[30.92227715356721, 22.03893031081091, 16.204052825940654, 7.999275105335586, 7.22546961421957, 0.39795739607215097]"
2012-10-25 06:00:00,"[13.74421875, 1.619162303664916, -6.1400000000000015, -24.04618911174785, -56.277727272727276, nan]","[782.74640625, 1505.0495811518329, 3131.577272727273, 5806.7386819484245, 10721.058484848485, 16438.60527131783]","[925.0, 850.0, 700.0, 500.0, 250.0, 100.0]","[17.9009375, 17.24, 6.803636363636363, -11.983782234957019, -48.78424242424242, -69.17782945736434]","[18.230438533300617, 20.362913642253506, 16.434440814723363, 22.255023487590986, 31.200448654290998, 28.729344330072628]","[29.255158976294666, 23.244721190288903, 18.479233076817742, 16.22052891429491, 5.973440706707697, 2.60332749557923]"
2012-10-25 09:00:00,"[14.203749999999998, 3.227905759162308, -3.9916216216216207, -24.07733524355301, -54.89530303030303, nan]","[782.7153125000003, 1502.504293193717, 3124.5381081081073, 5793.745558739256, 10709.903636363635, 16435.512945736435]","[925.0, 850.0, 700.0, 500.0, 250.0, 100.0]","[17.283749999999998, 15.875078534031413, 5.714324324324329, -11.91386819484241, -48.20696969696969, -69.01658914728682]","[19.059768134977084, 22.653819535606036, 18.15719658800503, 22.16831947065575, 30.211856470160644, 25.94497041103502]","[28.506779848525834, 23.785676725531324, 21.789495487889717, 24.704858195525276, 7.266069988023585, 2.703327315652515]"
2012-10-25 12:00:00,"[13.745625, 2.4048167539266947, -4.650336700336702, -24.71853448275862, -54.58011406844106, -77.47945736434109]","[774.6474999999997, 1493.6899476439794, 3113.2259932659936, 5782.65525862069, 10704.155247148288, 16430.60465116279]","[925.0, 850.0, 700.0, 500.0, 250.0, 100.0]","[17.024375, 15.26041884816754, 5.708686868686867, -11.582126436781609, -47.174068441064634, -68.77782945736435]","[18.5272954166164, 21.0167532991197, 16.360864366606826, 24.966100136996598, 25.716391527661877, 22.48081962266221]","[28.726364109569825, 24.988351879748084, 27.239274797820514, 25.137729443434967, 4.90343551934048, 9.533748462579311]"
2012-10-25 15:00:00,"[11.795703125000001, 1.9835078534031347, -2.874256756756756, -29.034727793696277, -52.028636363636366, -77.47945736434109]","[779.1625781249999, 1497.6769633507856, 3116.264256756757, 5785.922320916905, 10723.676515151516, 16438.94015503876]","[925.0, 850.0, 700.0, 500.0, 250.0, 100.0]","[16.17515625, 14.857801047120418, 5.596081081081079, -10.844813753581665, -47.769090909090906, -69.43751937984496]","[12.772401962214964, 20.66095828341196, 18.84096056294404, 21.86593018894625, 26.396338957278846, 24.742882073269623]","[29.244546271340635, 26.7725320146177, 33.11187891257886, 31.731290566331158, 9.219267305618327, 13.055112143082772]"
2012-10-25 18:00:00,"[11.548947368421054, 8.355706806282726, -6.780405405405402, -22.508965517241382, -53.359545454545454, -77.47945736434109]","[765.3473684210525, 1482.3462303664917, 3098.676756756757, 5770.648965517242, 10716.55462121212, 16435.95480620155]","[925.0, 850.0, 700.0, 500.0, 250.0, 100.0]","[16.52684210526316, 13.712251308900525, 6.091351351351349, -10.628965517241381, -49.18954545454545, -69.74062015503876]","[8.061189615525404, 22.328111222761226, 22.88909251230456, 29.064809228770354, 30.735031999441063, 28.48959634801711]","[26.723160866547605, 26.928969521729396, 37.986208181223724, 31.782746146369714, 17.018648447418055, 16.668510297500827]"
2012-10-25 21:00:00,"[12.601228070175438, 8.744315789473678, -17.285762711864407, -26.275648414985593, -53.512091254752846, -77.47945736434109]","[749.6784210526317, 1466.3053684210531, 3085.584406779661, 5761.79227665706, 10714.555171102662, 16427.76992248062]","[925.0, 850.0, 700.0, 500.0, 250.0, 100.0]","[17.468947368421052, 13.089473684210528, 6.536610169491526, -10.003804034582133, -48.394220532319395, -69.86]","[7.3268031405103, 20.59549689554798, 29.419722924586594, 40.97765035829588, 32.576436882323605, 30.927799873390146]","[30.98968419342324, 34.1395600119319, 34.661435764674394, 31.11770063127408, 26.743094908579735, 22.461348678369614]"
2012-10-26 00:00:00,"[13.14438596491228, 11.547578947368422, -8.919054054054051, -21.066455331412104, -53.48231939163498, nan]","[755.513070175439, 1474.1518947368415, 3086.473378378378, 5759.767982708933, 10706.273802281368, 16424.731472868218]","[925.0, 850.0, 700.0, 500.0, 250.0, 100.0]","[18.081228070175438, 12.431578947368424, 5.856216216216218, -10.093429394812679, -48.90220532319392, -68.54217054263566]","[15.364640043039843, 29.760688080108718, 30.4544024194079, 40.484786785276356, 32.86295982317934, 34.55539010589437]","[37.17430648447997, 31.208374894715558, 24.783392381239683, 26.388450763156083, 24.971475674012304, 21.555437979473254]"
2012-10-26 03:00:00,"[12.50895652173913, 11.472774869109948, 1.6520270270270325, -21.721609195402298, -54.17272727272727, nan]","[765.07147826087, 1477.670261780105, 3085.2629729729724, 5755.448735632183, 10697.27284090909, 16415.895736434108]","[925.0, 850.0, 700.0, 500.0, 250.0, 100.0]","[13.142608695652173, 12.201256544502616, 3.875135135135137, -10.432413793103448, -49.12704545454545, -68.32434108527131]","[17.290707723407877, 22.809289364694976, 29.300723252227098, 43.365767143498395, 40.370643410010736, 38.836432643224015]","[5.722721962325942, 26.803404653292485, 31.480372828991054, 29.67284719447435, 30.20309795236279, 24.380503889351097]"
2012-10-26 06:00:00,"[3.624218749999998, 10.340833333333332, 3.823523489932887, -22.514799999999997, -54.44500000000001, nan]","[774.3657812499998, 1474.9716666666664, 3080.4941275167785, 5741.658399999999, 10674.495, 16400.583643410853]","[925.0, 850.0, 700.0, 500.0, 250.0, 100.0]","[4.393124999999998, 10.615, 4.101409395973155, -11.179999999999998, -49.785, -67.68248062015503]","[9.715787690570332, 16.692816771624322, 26.729685104842087, 45.81962780742384, 40.70160173970403, 39.73755967571993]","[-19.504301670892858, 12.197173262280428, 29.50852105587783, 30.57175980131258, 37.243905754130054, 24.46887480610449]"
2012-10-26 09:00:00,"[1.5433333333333343, 6.63809523809524, 2.760604026845639, -21.67239316239316, -54.77075471698113, nan]","[789.8233333333333, 1479.3991428571435, 3073.3365100671135, 5729.079145299145, 10654.298679245283, 16390.266]","[925.0, 850.0, 700.0, 500.0, 250.0, 100.0]","[1.698139534883722, 7.744761904761906, 2.9487248322147668, -11.936068376068373, -50.08830188679246, -67.32]","[4.836644660553823, 12.661195578451302, 33.91145678299052, 41.79164436747734, 44.19225053403058, 39.49631799456569]","[-21.737486900162338, -4.420708245340166, 21.64214175948221, 34.144685855538505, 45.25207952753374, 25.235644728679844]"
2012-10-26 12:00:00,"[-1.7186046511627902, -1.3614285714285714, -1.4382608695652193, -22.071136363636366, -57.54921052631579, nan]","[802.9148837209301, 1489.642380952381, 3071.2786956521745, 5718.738636363636, 10631.247368421053, 16374.084]","[925.0, 850.0, 700.0, 500.0, 250.0, 100.0]","[0.6004651162790695, 5.706666666666666, 1.2356521739130402, -12.205454545454547, -49.699473684210524, -67.08]","[-1.0130744713320714, 6.000577024706803, 37.075291213506226, 43.61922187144485, 50.53338503877457, 37.11219490320225]","[-25.098865102619566, -13.678343703887249, 28.30832623407343, 34.516705705969066, 45.14114830710637, 26.985366135495163]"
2012-10-26 15:00:00,"[-3.3303100775193784, -11.897203791469192, -13.923829113924038, -20.042606232294617, -55.827706766917295, nan]","[822.6010077519378, 1506.609336492891, 3076.472594936708, 5717.109943342776, 10622.579511278196, 16368.29]","[925.0, 850.0, 700.0, 500.0, 250.0, 100.0]","[-0.3592248062015494, 4.1982938388625595, 0.2276582278481032, -12.917507082152973, -50.03631578947368, -66.89999999999999]","[-2.5053048931724353, -16.58598349827292, 29.392871598201257, 44.923102764313285, 53.80962137888876, 35.59045210900541]","[-23.792102921807537, -6.441961465267621, 15.7818547809457, 35.776987577176264, 47.74500336401301, 31.80365731604767]"
2012-10-26 18:00:00,"[-2.922248062015503, -21.46175355450237, -18.105759493670885, -20.149490084985835, -54.83714285714286, nan]","[827.562945736434, 1508.5889099526069, 3071.2800632911385, 5703.312124645892, 10598.196992481202, 16344.304]","[925.0, 850.0, 700.0, 500.0, 250.0, 100.0]","[1.626821705426358, 3.2622748815165874, -0.7713924050632894, -14.126288951841358, -50.43631578947369, -65.97999999999999]","[-1.8270420710856765, -2.8983430229685205, 22.61076193359758, 44.387874662431464, 57.0087097826113, 39.21639987734757]","[-19.39895847674455, -17.689583768963686, 8.393176529737785, 35.087941675367205, 54.16959757067905, 34.7177095537706]"
2012-10-26 21:00:00,"[-2.233798449612402, -22.796777251184825, -18.28346666666667, -20.546363636363637, -54.9793984962406, nan]","[822.7888372093021, 1503.6334123222746, 3063.2253333333338, 5684.895, 10570.951879699249, 16319.588]","[925.0, 850.0, 700.0, 500.0, 250.0, 100.0]","[2.7322480620155063, 2.9930805687203796, -1.445333333333334, -15.170227272727274, -50.524661654135336, -64.66000000000001]","[-2.578755768914702, -3.8700218263743165, 18.168224189531106, 43.87212715492399, 59.68868107187682, 43.692896014048635]","[-19.21955422216768, -16.721315734395244, 4.591104831814969, 35.10072528513915, 66.1149124927473, 35.925522875882166]"
2012-10-27 00:00:00,"[-2.398682170542637, -20.495450236966825, -19.60269841269841, -21.659915014164305, -55.66947368421052, nan]","[827.4181395348841, 1506.6635071090047, 3061.7814920634924, 5670.688328611898, 10544.89127819549, 16301.64]","[925.0, 850.0, 700.0, 500.0, 250.0, 100.0]","[2.2640310077519348, 2.215829383886256, -2.6663492063492082, -15.805325779036824, -50.76751879699248, -63.44]","[-7.792712813332437, -8.704902816029856, 9.961754735887322, 47.68154397011385, 63.04988578092147, 47.728759039445826]","[-20.78535604263473, -14.486224012676132, 4.68441033024622, 32.76554971127025, 71.66180574764188, 37.11303221988899]"
2012-10-27 03:00:00,"[-3.0949612403100764, -20.4254028436019, -20.85247619047619, -18.275014164305947, -55.99740601503759, nan]","[825.6073643410851, 1504.4465402843603, 3056.486285714286, 5645.241784702549, 10516.924812030076, 16278.654]","[925.0, 850.0, 700.0, 500.0, 250.0, 100.0]","[1.326821705426358, 1.5148815165876786, -2.970158730158732, -16.407308781869688, -51.95924812030076, -63.559999999999995]","[-10.128208075966342, -9.990201033464642, 7.212085665945297, 42.715419413899575, 45.76780993332476, 53.82358358448678]","[-25.25452128649561, -15.073627795660595, 9.562270175798623, 33.602402448525545, 81.19637320285982, 38.73032339296647]"
2012-10-27 06:00:00,"[-1.25140625, -17.132037914691935, -11.07533333333333, -16.980056818181822, -59.989924812030075, nan]","[816.2890625, 1492.8806161137438, 3026.7798666666667, 5621.5053409090915, 10478.640601503761, 16249.142]","[925.0, 850.0, 700.0, 500.0, 250.0, 100.0]","[1.0274999999999999, -0.0818009478672993, -7.848000000000001, -15.260568181818185, -50.79082706766918, -62.3]","[-13.486410580258202, -11.50804995739795, 6.654493189689684, 47.98737298046437, 48.382774741300366, 46.32934104356673]","[-21.730838083270623, -12.711923905287842, 3.196490285981424, 47.88355455522704, 74.42145241028719, 32.60431355616744]"
2012-10-27 09:00:00,"[-0.03604651162790655, -8.194928909952619, -12.310666666666668, -19.488753541076484, -65.78545112781956, nan]","[819.5562790697674, 1493.2207109004744, 3005.875766666666, 5574.598526912181, 10407.892105263158, 16222.742]","[925.0, 850.0, 700.0, 500.0, 250.0, 100.0]","[0.4679069767441869, -3.137251184834122, -11.358666666666666, -17.204759206798865, -49.54270676691729, -61.26]","[-2.603904167206865, -7.186960415141598, -1.5578924707918476, 13.183786110673841, 55.33553609686217, 48.14094217358422]","[-20.77817369692061, -12.579910114092343, -3.315014189596761, 48.18675068244383, 71.35554327787267, 31.27504037790552]"
2012-10-27 12:00:00,"[-0.7275968992248043, -6.108142857142855, -11.963600000000001, -25.786770538243626, -65.77894736842106, nan]","[815.2497674418602, 1488.0104285714283, 2996.547600000001, 5540.608668555242, 10345.148345864662, 16198.849999999999]","[925.0, 850.0, 700.0, 500.0, 250.0, 100.0]","[0.5539534883720945, -4.332857142857141, -10.852, -20.94441926345609, -48.43744360902255, -59.82]","[-8.243942312250523, -14.630414452515545, 3.3366052902242194, 36.645187461195235, 66.21030696116179, 45.59614093643342]","[-17.649070639509212, -6.241866561543446, -1.4105216720234026, 62.566832224813155, 58.977205862031155, 28.400976316051192]"
2012-10-27 15:00:00,"[-0.6330232558139528, -5.437109004739335, -13.462266666666668, -40.24181818181819, -65.77894736842106, nan]","[814.4810077519377, 1486.584502369668, 2995.0350666666673, 5512.635511363636, 10303.218045112782, 16188.204]","[925.0, 850.0, 700.0, 500.0, 250.0, 100.0]","[-0.31038759689922313, -4.2633175355450215, -11.344000000000001, -25.62818181818182, -46.58406015037594, -60.5]","[-1.506338217924647, -16.872232900569795, 9.328430448967467, 31.9105622038745, 62.62631419702552, 42.25320119566551]","[-16.262712076093596, -9.984409231274809, -6.899887484340184, 11.247229686935968, 52.810318317855156, 30.35753238849644]"
2012-10-27 18:00:00,"[-0.6708527131782943, -4.870000000000004, -15.494666666666667, -44.3086968838527, -63.4781954887218, nan]","[811.9910852713178, 1484.898571428572, 2993.379866666667, 5511.7888385269125, 10259.07007518797, 16176.29]","[925.0, 850.0, 700.0, 500.0, 250.0, 100.0]","[0.5431007751937991, -4.078571428571432, -11.712000000000003, -26.24073654390935, -46.34345864661654, -58.78]","[4.7420823397888086, 1.772347711596734, 10.798735610002169, 36.15542899497868, 69.27648487981867, 43.58821588178286]","[-14.022997099165583, -16.643182287976973, -14.101498892069904, -3.3520183808436244, 31.080668346804497, 34.1161448619725]"
2012-10-27 21:00:00,"[-1.3010156249999993, -5.318815165876777, -21.07923076923077, -45.27596590909091, -63.47750943396226, nan]","[810.8085156249998, 1484.779289099526, 2999.310602006689, 5518.538125, 10267.15679245283, 16166.782]","[925.0, 850.0, 700.0, 500.0, 250.0, 100.0]","[1.4696875000000016, -3.990331753554502, -10.393110367892977, -25.292954545454545, -48.84943396226415, -57.879999999999995]","[2.998040132614431, 1.817945702010505, 12.342901497978653, 37.85131278463883, 75.9091327961072, 47.603414632939334]","[-13.816676263377998, -13.776350407587575, -18.038841406159044, -5.217416264380472, 10.4037076335257, 32.176648043021146]"
2012-10-28 00:00:00,"[-1.6396899224806192, -7.12037914691944, -31.36, -47.03272727272727, -62.97432330827068, nan]","[821.3621705426355, 1494.6923696682468, 3012.71, 5546.332727272727, 10284.07590225564, 16158.772]","[925.0, 850.0, 700.0, 500.0, 250.0, 100.0]","[0.9578294573643433, -3.9353554502369685, -8.86, -21.64181818181818, -52.59120300751879, -59.08]","[0.7766313034001167, 1.0109949480104383, 11.458627709630022, 49.15559873416139, 68.9032936127478, 44.04757854783486]","[-12.295885261192351, -9.575163535968189, -14.95478020607789, -20.410275645593007, 9.849845263719706, 25.085591961767967]"
2012-10-28 03:00:00,"[-2.255116279069768, -10.17464454976303, -30.851392405063294, -32.28266288951841, -65.78545112781956, nan]","[821.9802325581396, 1494.5080094786729, 3017.5656329113926, 5564.22014164306, 10284.35052631579, 16152.24]","[925.0, 850.0, 700.0, 500.0, 250.0, 100.0]","[0.44232558139534756, -3.75478672985782, -8.473924050632915, -21.617507082152972, -53.93706766917293, -57.76]","[-2.7756540741964812, 0.4915012726917242, 13.031250203469758, 44.908313879769885, 65.17304505985766, 51.7016124265929]","[-8.46663123446371, -5.3882458397190325, -9.125587927563346, 1.3578939035931605, 3.3815716327463683, 22.869989691523127]"
2012-10-28 06:00:00,"[-2.5562790697674433, -12.932606635071096, -29.024888888888896, -26.48957507082153, -65.78545112781956, nan]","[822.3632558139539, 1494.7217535545026, 3019.408095238096, 5564.650509915014, 10291.625263157895, 16135.236]","[925.0, 850.0, 700.0, 500.0, 250.0, 100.0]","[0.10511627906976476, -3.440568720379147, -8.371428571428574, -22.049235127478752, -53.73894736842105, -57.74]","[-3.031173735651935, 1.6631792925330484, 14.395166059801543, 44.639348530466116, 74.18178448050355, 50.78409903849315]","[-3.4737508251414098, -2.2397205164690033, -4.851444359806259, 1.0257942587519338, -1.7380609540403889, 22.908562347919595]"
2012-10-28 09:00:00,"[-2.9373643410852734, -16.239573459715636, -28.387206349206355, -26.779999999999998, -62.97432330827068, nan]","[820.829147286822, 1493.8681042654027, 3019.7072698412703, 5564.168158640226, 10297.993383458648, 16128.689999999999]","[925.0, 850.0, 700.0, 500.0, 250.0, 100.0]","[0.07565891472867978, -2.66521327014218, -8.471428571428575, -22.31750708215297, -53.424285714285716, -58.08]","[-2.95804828956606, 2.302111217053766, 16.734617819087525, 45.719899761027584, 82.74500440334512, 49.86988590438024]","[-0.1439826894825839, -0.3627858872438897, -2.137713246440995, 1.7251636513620734, -1.2592964211986157, 17.41143773167793]"
2012-10-28 12:00:00,"[-3.4016279069767426, -18.1029383886256, -26.79542857142857, -32.85316384180791, -62.97781954887218, nan]","[826.0109302325579, 1499.875402843602, 3026.682761904762, 5572.543248587571, 10314.467593984962, 16122.516]","[925.0, 850.0, 700.0, 500.0, 250.0, 100.0]","[0.01364341085271445, -2.029194312796208, -8.392380952380954, -21.789661016949154, -54.457744360902254, -58.78]","[-1.3540771602579846, 2.9947736435581644, 16.009593482044238, 39.72009961799604, 95.96441171299341, 50.66157554443139]","[0.5687726805477767, -0.16013905991453084, -1.9499303958749619, -4.082487026057228, -20.038416057590428, 16.5489691327246]"
2012-10-28 15:00:00,"[-3.502923076923074, -16.562037914691942, -25.558955696202535, -26.637252124645894, -60.57278195488722, nan]","[835.4741538461535, 1508.9835071090047, 3035.934525316455, 5587.9680736543905, 10350.298233082707, 16129.815999999999]","[925.0, 850.0, 700.0, 500.0, 250.0, 100.0]","[-0.05846153846153637, -2.425402843601896, -7.921708860759492, -21.80844192634561, -55.994962406015034, -59.3]","[-3.2408407098283, 1.1750896407442382, 13.007399898073945, 42.74334778957991, 96.45301948436898, 54.436982361792424]","[1.7290389751371373, 0.7299745630866975, 1.2355487667060951, 2.4673860362009497, -5.7825720919130585, 17.373057167404387]"
2012-10-28 18:00:00,"[-2.2892248062015494, -17.459763033175346, -25.99, -26.324730878186973, -60.550413533834586, nan]","[823.2731007751936, 1498.0050710900473, 3029.25, 5590.148526912182, 10370.318909774436, 16141.04]","[925.0, 850.0, 700.0, 500.0, 250.0, 100.0]","[1.1578294573643433, -1.797914691943129, -6.86, -21.051784702549575, -55.217894736842105, -59.48]","[-6.742108812967128, -1.9743003826200982, 16.696463355697176, 46.709130366223526, 83.38958524763368, 54.340344744517466]","[2.916715479641612, 3.416990186203469, 5.241956830408034, 0.35528926913308284, -11.741737885038464, 16.458074524287262]"
2012-10-28 21:00:00,"[-2.3062015503875974, -19.688000000000002, -20.319399999999995, -25.268522727272728, -60.52263157894737, nan]","[809.7167441860466, 1487.0210000000002, 3024.612133333334, 5596.842528409091, 10390.253421052632, 16148.642]","[925.0, 850.0, 700.0, 500.0, 250.0, 100.0]","[2.5431007751937975, -0.31999999999999956, -5.999333333333335, -19.471931818181822, -54.74947368421053, -60.199999999999996]","[-7.965021062580632, -3.4298084424615753, 17.454937123397496, 47.18946807870711, 72.2777669559606, 56.455106675865906]","[4.572650951079524, 6.075766869130126, 3.0039279345580145, -2.161571694377558, -6.610930655880379, 13.522412292804924]"
2012-10-29 00:00:00,"[-1.6337500000000003, -22.07255924170616, -18.14136666666667, -23.036931818181817, -58.90631578947369, nan]","[810.9418750000001, 1490.1355450236965, 3032.6679999999997, 5612.348693181818, 10412.610263157894, 16160.712]","[925.0, 850.0, 700.0, 500.0, 250.0, 100.0]","[2.3774999999999995, 1.2058767772511851, -5.304999999999999, -18.968522727272727, -54.317894736842106, -60.9]","[-12.493314479758093, -5.64495120895479, 13.652472401480662, 40.336479529708996, 71.81808381061582, 58.258939793459746]","[7.992688525919593, 9.894884257946394, 2.6178920464390423, 3.1916960090144904, 1.6644336674712974, 8.119336065346259]"
2012-10-29 03:00:00,"[-2.613333333333335, -23.551000000000002, -19.310199999999995, -23.072727272727274, -58.90631578947369, nan]","[806.6079069767443, 1487.9940000000004, 3033.7319, 5614.0815625000005, 10414.420263157894, 16157.694]","[925.0, 850.0, 700.0, 500.0, 250.0, 100.0]","[2.3601550387596895, 1.84, -4.990666666666669, -19.34977272727273, -54.370526315789476, -61.68]","[-12.1965043709147, -3.810531652318917, 10.550370525446096, 36.9220023614182, 70.94586534191666, 59.17319346425581]","[12.378346453672469, 12.960437088565941, 8.163492744273027, 10.916048742061092, 10.437088049504544, 8.267809821334419]"
2012-10-29 06:00:00,"[-4.023593750000003, -24.533476190476197, -21.312, -22.61627840909091, -58.90316981132075, nan]","[802.2294531250002, 1484.838666666667, 3032.228133333333, 5611.971818181818, 10408.159849056603, 16163.367999999999]","[925.0, 850.0, 700.0, 500.0, 250.0, 100.0]","[2.686093749999999, 2.607619047619047, -5.069333333333332, -19.075625, -54.20905660377358, -62.06]","[-10.67154049278679, -0.7592029233247868, 13.220012207587493, 38.408159826189234, 66.74404908036334, 58.1349752615252]","[14.880672225741762, 13.957271669423607, 11.82337699851508, 10.259396344961555, 11.752550855108398, 7.845692789158434]"
2012-10-29 09:00:00,"[-3.7467187500000017, -24.463809523809523, -20.986387959866224, -20.954358974358975, -60.212075471698114, nan]","[793.9039843750002, 1477.3990476190477, 3027.001471571906, 5611.658518518519, 10404.60241509434, 16164.424]","[925.0, 850.0, 700.0, 500.0, 250.0, 100.0]","[2.90640625, 3.392380952380952, -4.7335785953177245, -18.371396011396016, -53.91132075471698, -61.5]","[-9.798243101399143, -0.46506365301314956, 14.166702500862316, 32.71883534277537, 64.09973589365423, 53.332987014270515]","[16.979983066061514, 14.540659918151425, 11.881385669236185, 3.71468958854726, 3.4580110229587095, 5.462512254965886]"
2012-10-29 12:00:00,"[-1.8234374999999998, -23.762666666666675, -7.6065771812080385, -21.499034090909092, -58.89230188679245, nan]","[790.7759374999999, 1475.380333333334, 3027.4201006711414, 5616.16721590909, 10410.673735849057, 16173.380000000001]","[925.0, 850.0, 700.0, 500.0, 250.0, 100.0]","[2.9134375, 4.099999999999997, -4.08281879194631, -18.663409090909088, -53.68377358490566, -60.98]","[-7.614228585304795, 1.0182574142502614, 13.065743788147211, 27.83294486358756, 65.24048246023357, 47.368006525777744]","[14.681397685238746, 13.784776045192107, 13.463159940897585, 8.580360855687003, -0.34529686944094723, 4.507624848396026]"
2012-10-29 15:00:00,"[-3.090937499999998, -22.94371428571429, -3.417290969899663, -22.12418803418803, -62.175056603773584, nan]","[791.4085156249997, 1478.0985714285716, 3034.156086956522, 5627.367863247863, 10423.950377358491, 16182.806]","[925.0, 850.0, 700.0, 500.0, 250.0, 100.0]","[3.115781250000001, 4.608571428571427, -2.7439464882943145, -19.357150997150995, -53.059622641509435, -60.84]","[-10.81710684436634, 0.2508564298130642, 15.131896152985828, 27.203605461781383, 60.48969630126707, 51.55420404503311]","[17.079862733589984, 16.305213252665133, 17.126972148963112, 10.242210083205892, 1.5527632138704819, 5.1821463973041]"
2012-10-29 18:00:00,"[-2.1644186046511584, -22.419635416666658, -3.6567785234899346, -23.23037037037037, -65.73931818181818, nan]","[780.9923255813952, 1469.272552083333, 3028.730469798658, 5625.694074074074, 10434.290757575758, 16191.90441860465]","[925.0, 850.0, 700.0, 500.0, 250.0, 100.0]","[2.6725581395348823, 4.969166666666669, -2.9204026845637596, -18.62666666666667, -52.298257575757575, -61.48403100775194]","[-8.72626619127991, 2.2351152226637447, 19.266089034632017, 32.72577795063554, 57.90020261259346, 52.99883139918479]","[14.59948322847359, 17.906355384725085, 18.432372358024963, 13.746196627548564, 3.5520094162508262, 3.838790556726945]"
2012-10-29 21:00:00,"[-0.6335156249999963, -21.972931937172774, -4.199696969696967, -25.06120343839542, -65.7132196969697, nan]","[766.5119531249999, 1457.5906282722515, 3020.786094276094, 5621.6689398280805, 10440.300530303031, 16204.64488372093]","[925.0, 850.0, 700.0, 500.0, 250.0, 100.0]","[3.7696875, 5.965654450261779, -3.7485521885521855, -18.48521489971347, -52.14636363636364, -60.90186046511628]","[-8.555380991289985, 4.7170536924584, 22.241034981502104, 37.03466865366451, 59.47603988385336, 51.460368848788114]","[14.598662201804636, 19.330325226050814, 14.743133997491634, 7.3926495067260785, -1.792008643290315, 2.6358388672113917]"
2012-10-30 00:00:00,"[-1.2000000000000042, -18.332198952879587, -8.934983164983167, -27.248999999999995, -63.48204545454546, nan]","[765.1187500000001, 1459.5425130890048, 3028.1264646464647, 5631.537571428571, 10455.406325757576, 16217.521240310078]","[925.0, 850.0, 700.0, 500.0, 250.0, 100.0]","[5.290000000000001, 6.9813612565445045, -1.041481481481481, -18.419714285714285, -52.119469696969695, -61.16]","[-6.101416976186195, 9.106611253155856, 23.16461514142359, 39.431406907873004, 57.96605624429242, 51.55797025853804]","[19.152883919796697, 18.950671809064087, 9.640230756530077, 3.203747481645958, -2.020228958813546, 4.101500725099235]"
